:020000040800F2
:1000000000060020E1020008E3020008E302000805
:10001000E3020008E3020008E3020008E30200082C
:10002000E3020008E3020008E3020008E1760008AA
:10003000E3020008E3020008E3020008E30200080C
:10004000E3020008E3020008E3020008E3020008FC
:10005000E3020008E3020008C9850008F5850008EE
:10006000218600084D86000879860008F1450008C1
:100070001946000845460008714600089D460008DC
:10008000C5460008F1460008E3020008E302000844
:10009000E3020008E3020008E3020008A586000866
:1000A000E3020008E3020008E3020008E30200089C
:1000B000E3020008E3020008E3020008E30200088C
:1000C000E3020008E3020008E3020008E30200087C
:1000D000E3020008E302000891870008A5870008F2
:1000E00009870008E3020008E3020008E3020008B1
:1000F000E3020008E3020008E30200081D470008CD
:10010000E30200087D870008CD870008E3020008AD
:10011000E3020008E3020008E3020008E30200082B
:1001200049470008714700089D470008C947000873
:10013000F5470008E3020008E3020008E3020008B4
:10014000E3020008E3020008E3020008E3020008FB
:100150001D4800084948000875480008E3020008E7
:10016000E3020008E3020008E3020008E3020008DB
:10017000E3020008B9820008E3020008E302000875
:10018000E3020008E3020008B9870008E302000860
:10019000E3020008E3020008E3020008E3020008AB
:1001A000E3020008E3020008E3020008E30200089B
:1001B000E3020008E3020008E3020008E30200088B
:1001C000E3020008E3020008E3020008E30200087B
:1001D000E3020008A5820008E3020008E302000829
:1001E000E3020008E3020008E3020008E30200085B
:1001F000E3020008E3020008E3020008E30200084B
:10020000E3020008E3020008E3020008E30200083A
:10021000E3020008E3020008E3020008E30200082A
:10022000E3020008E3020008E3020008E30200081A
:10023000E3020008E3020008E3020008E30200080A
:10024000E3020008E3020008E3020008E3020008FA
:10025000E3020008E3020008E3020008E3020008EA
:10026000E3020008E3020008E3020008E3020008DA
:10027000E3020008E3020008E3020008E3020008CA
:10028000E3020008E3020008E3020008E3020008BA
:10029000E3020008E3020008E3020008E3020008AA
:1002A000E3020008E3020008E3020008E30200089A
:1002B000E3020008E3020008E3020008E30200088A
:1002C000E3020008E3020008E3020008E30200087A
:1002D000E3020008E3020008E3020008E30200086A
:1002E00002E000F000F8FEE772B6374880F30888B5
:1002F000364880F3098836483649086040F20000E5
:10030000CCF200004EF63471CEF200010860BFF36B
:100310004F8FBFF36F8F40F20000C0F2F0004EF637
:100320008851CEF200010860BFF34F8FBFF36F8F8B
:100330004FF00000E1EE100A4EF63C71CEF20001E3
:100340000860062080F31488BFF36F8F07F02AFA45
:1003500006F078FB4FF055301F491B4A91423CBFD5
:1003600041F8040BFAE71D49184A91423CBF41F895
:10037000040BFAE71A491B4A1B4B9A423EBF51F83D
:10038000040B42F8040BF8E700201849184A914280
:100390003CBF41F8040BFAE707F042FA06F0D8FB3D
:1003A000144C154DAC4203DA54F8041B8847F9E7A6
:1003B00000F0C4F9114C124DAC4203DA54F8041B9E
:1003C0008847F9E707F02ABA00060020002200203B
:1003D0000000000808ED00E00000002000060020FA
:1003E000689C00080022002074220020782200204F
:1003F00034670020E0020008E0020008E002000884
:10040000E00200082DE9F04F2DED108AC1F80CD064
:10041000D0F80CD0BDEC108ABDE8F08F002383F338
:1004200011882846A047002006F0EEF8FEE706F007
:1004300047F800DFFEE7000053B94AB9002908BFBA
:1004400000281CBF4FF0FF314FF0FF3000F074B9AF
:10045000ADF1080C6DE904CE00F006F8DDF804E01B
:10046000DDE9022304B070472DE9F047089D0446FA
:100470008E46002B4DD18A42944669D9B2FA82F257
:1004800052B101FA02F3C2F1200120FA01F10CFA93
:1004900002FC41EA030E94404FEA1C48210CBEFBCB
:1004A000F8F61FFA8CF708FB16E341EA034306FB54
:1004B00007F199420AD91CEB030306F1FF3080F0E3
:1004C0001F81994240F21C81023E63445B1AA4B230
:1004D000B3FBF8F008FB103344EA034400FB07F7D2
:1004E000A7420AD91CEB040400F1FF3380F00A8113
:1004F000A74240F207816444023840EA0640E41B08
:1005000000261DB1D4400023C5E900433146BDE8B3
:10051000F0878B4209D9002D00F0EF800026C5E955
:10052000000130463146BDE8F087B3FA83F6002E6D
:100530004AD18B4202D3824200F2F980841A61EBE5
:10054000030301209E46002DE0D0C5E9004EDDE703
:1005500002B9FFDEB2FA82F2002A40F09280A1EBEB
:100560000C014FEA1C471FFA8CFE0126200CB1FB40
:10057000F7F307FB131140EA01410EFB03F0884239
:1005800008D91CEB010103F1FF3802D2884200F2C6
:10059000CB804346091AA4B2B1FBF7F007FB101158
:1005A00044EA01440EFB00FEA64508D91CEB0404F6
:1005B00000F1FF3102D2A64500F2BB800846A4EB51
:1005C0000E0440EA03409CE7C6F12007B34022FA3C
:1005D00007FC4CEA030C20FA07F401FA06F31C436B
:1005E000F9404FEA1C4900FA06F3B1FBF9F8200C78
:1005F0001FFA8CFE09FB181140EA014108FB0EF0BE
:10060000884202FA06F20BD91CEB010108F1FF3A0D
:1006100080F08880884240F28580A8F10208614419
:10062000091AA4B2B1FBF9F009FB101144EA014127
:1006300000FB0EFE8E4508D91CEB010100F1FF34D2
:100640006CD28E456AD90238614440EA0840A0FB6A
:100650000294A1EB0E01A142C846A64656D353D040
:100660005DB1B3EB080261EB0E0101FA07F722FA64
:1006700006F3F1401F43C5E9007100263146BDE88D
:10068000F087C2F12003D8400CFA02FC21FA03F3F0
:10069000914001434FEA1C471FFA8CFEB3FBF7F071
:1006A00007FB10360B0C43EA064300FB0EF69E4296
:1006B00004FA02F408D91CEB030300F1FF382FD22F
:1006C0009E422DD9023863449B1B89B2B3FBF7F6D7
:1006D00007FB163341EA034106FB0EF38B4208D9B0
:1006E0001CEB010106F1FF3816D28B4214D9023EF1
:1006F0006144C91A46EA004638E72E46284605E70F
:100700000646E3E61846F8E64B45A9D2B9EB0208DF
:1007100064EB0C0E0138A3E74646EAE7204694E76F
:100720004046D1E7D0467BE7023B614432E73046A2
:1007300009E76444023842E7704700BF38B501F06A
:10074000F3F901F0A3FB06F091FE054606F0BEFFAB
:100750000446D0B90F4B9D4219D001339D4241F25E
:10076000883504BF01240025002006F089FE0CB165
:1007700000F078F801F02AFB00F01AFD08B100F053
:1007800071F8284600F010F9F9E70025ECE7054676
:10079000EAE700BF010007B008B501F091F9A0F148
:1007A00020035842584108BD07B541F21203022107
:1007B00001A8ADF8043001F0A1F903B05DF804FB25
:1007C00038B5302383F31188174803680BB105F05F
:1007D000FFFF0023154A4FF47A71134805F0EEFF2E
:1007E000002383F31188124C236813B12368013B63
:1007F0002360636813B16368013B63600D4D2B7820
:1008000033B963687BB9022001F04AFA322363608E
:100810002B78032B07D163682BB9022001F040FA33
:100820004FF47A73636038BD78220020C107000856
:100830009823002090220020084B187003280CD821
:10084000DFE800F008050208022001F01FBA0220CC
:1008500001F012BA024B00225A6070479022002029
:1008600098230020F8B5494B494A1C4619680131C4
:1008700000F08A8004339342F8D16268454B9A4273
:1008800040F28280444B9B6803F1006303F5003320
:100890009A4279D2002001F061F90220FFF7CCFFE3
:1008A0003E4B00219A6C99641A6F19671A6FDA6CC3
:1008B000D9645A6F59675A6F1A6D19659A6F99679B
:1008C0009B6F374BD3F8802042F00062C3F8802042
:1008D000D3F8802022F00062C3F88020D3F8802073
:1008E000D3F8802042F00072C3F88020D3F8802033
:1008F00022F00072C3F88020D3F8803072B64FF037
:10090000E023C3F8084DD4E90004BFF34F8FBFF3D1
:100910006F8F244AC2F88410BFF34F8F536923F4BA
:1009200080335361BFF34F8FD2F8803043F6E076C7
:10093000C3F3C905C3F34E335B0103EA060C294632
:100940004CEA81770139C2F87472F9D2203B13F175
:10095000200FF2D1BFF34F8FBFF36F8FBFF34F8FD5
:10096000BFF36F8F536923F4003353610023C2F840
:100970005032BFF34F8FBFF36F8F302383F3118853
:10098000854680F308882047F8BD00BF00000208B4
:1009900020000208FFFF0108002200200045025845
:1009A0000044025800ED00E02DE9F04F93B0B44B45
:1009B0002022FF2100900AA89D6801F0B1F9B14AF8
:1009C0001378A3B90121B04811700360302383F379
:1009D000118803680BB105F0FBFE0023AB4A4FF40E
:1009E0007A71A94805F0EAFE002383F31188009B81
:1009F00013B1A74B009A1A60A64A1378032B03D0B1
:100A000000231370A24A53604FF0000A009CD346A3
:100A10005646D146012001F039F924B19C4B1B68A0
:100A2000002B00F02682002001F04AF80390039B7F
:100A3000002BF2DB012001F01FF9039B213B1F2B50
:100A4000E8D801A252F823F0C90A0008F10A000808
:100A5000850B0008150A0008150A0008150A000889
:100A6000170C0008E70D0008010D0008630D0008D1
:100A70008B0D0008B10D0008150A0008C30D000811
:100A8000150A0008350E0008690B0008150A000851
:100A9000790E0008D50A0008690B0008150A00083D
:100AA000630D0008150A0008150A0008150A000859
:100AB000150A0008150A0008150A0008150A00089A
:100AC000150A0008850B00080220FFF765FE0028C4
:100AD00040F0F981009B022105A8BAF1000F08BF80
:100AE0001C4641F21233ADF8143001F007F891E7DB
:100AF0004FF47A7000F0E4FF071EEBDB0220FFF7F3
:100B00004BFE0028E6D0013F052F00F2DE81DFE832
:100B100007F0030A0D1013360523042105A80593D9
:100B200000F0ECFF17E004215548F9E704215A488A
:100B3000F6E704215948F3E74FF01C08404608F156
:100B4000040801F00DF80421059005A800F0D6FF77
:100B5000B8F12C0FF2D101204FF0000900FA07F78D
:100B600047EA0B0B5FFA8BFB01F026F926B10BF07D
:100B70000B030B2B08BF0024FFF716FE4AE70421E6
:100B80004748CDE7002EA5D00BF00B030B2BA1D1CE
:100B90000220FFF701FE074600289BD00120002617
:100BA00000F0DCFF0220FFF747FE1FFA86F8404600
:100BB00000F0E4FF0446B0B1039940460136A1F1CC
:100BC00040025142514100F0E9FF0028EDD1BA4600
:100BD000044641F21213022105A83E46ADF8143036
:100BE00000F08CFF16E725460120FFF725FE244B79
:100BF0009B68AB4207D9284600F0B2FF013040F0B5
:100C000067810435F3E70025224BBA463E461D7046
:100C10001F4B5D60A8E7002E3FF45CAF0BF00B03A9
:100C20000B2B7FF457AF0220FFF706FE322000F0B7
:100C300047FFB0F10008FFF64DAF18F003077FF44F
:100C400049AF0F4A08EB0503926893423FF642AF63
:100C5000B8F5807F3FF73EAF124BB845019323DDD7
:100C60004FF47A7000F02CFF0390039A002AFFF6ED
:100C700031AF039A0137019B03F8012BEDE700BF69
:100C8000002200209423002078220020C1070008C1
:100C90009823002090220020042200200822002017
:100CA0000C22002094220020C820FFF775FD074683
:100CB00000283FF40FAF1F2D11D8C5F120020AAB59
:100CC00025F0030084494245184428BF424601925A
:100CD00001F000F8019AFF217F4801F021F84FEA66
:100CE000A803C8F387027C492846019301F020F845
:100CF000064600283FF46DAF019B05EB830533E703
:100D00000220FFF749FD00283FF4E4AE00F064FF45
:100D100000283FF4DFAE0027B846704B9B68BB420B
:100D200018D91F2F11D80A9B01330ED027F00303C7
:100D300012AA134453F8203C05934046042205A907
:100D4000043701F003F98046E7E7384600F008FF72
:100D50000590F2E7CDF81480042105A800F0CEFE3E
:100D600002E70023642104A8049300F0BDFE0028DC
:100D70007FF4B0AE0220FFF70FFD00283FF4AAAECB
:100D8000049800F01FFF0590E6E70023642104A803
:100D9000049300F0A9FE00287FF49CAE0220FFF728
:100DA000FBFC00283FF496AE049800F00DFFEAE744
:100DB0000220FFF7F1FC00283FF48CAE00F01CFF8E
:100DC000E1E70220FFF7E8FC00283FF483AE05A925
:100DD000142000F017FF07460421049004A800F037
:100DE0008DFE3946B9E7322000F06AFE071EFFF695
:100DF00071AEBB077FF46EAE384A07EB0903926809
:100E000093423FF667AE0220FFF7C6FC00283FF48E
:100E100061AE27F003074F44B9453FF4A5AE4846FD
:100E200009F1040900F09CFE0421059005A800F0DA
:100E300065FEF1E74FF47A70FFF7AEFC00283FF44F
:100E400049AE00F0C9FE002844D00A9B01330BD004
:100E500008220AA9002000F06BFF00283AD02022C7
:100E6000FF210AA800F05CFFFFF79EFC1C4805F07C
:100E7000D1FB13B0BDE8F08F002E3FF42BAE0BF08A
:100E80000B030B2B7FF426AE0023642105A80593EA
:100E900000F02AFE074600287FF41CAE0220FFF770
:100EA0007BFC804600283FF415AEFFF77DFC41F245
:100EB000883005F0AFFB059800F0C6FF46463C467B
:100EC00000F07AFFA6E506464EE64FF0000901E67F
:100ED000BA467EE637467CE69422002000220020B7
:100EE000A0860100704700007047000070470000B6
:100EF0002DE9F04100F58037044616463B7C5BB98E
:100F0000C0681030204400F0E5FEE5683544B5F5D2
:100F1000004FE56002D816B1BDE8F081DEB905F0FA
:100F20007F0605F110000021C6F180062044F6B2CC
:100F300032462E4400F0F4FEA06804F11008324658
:100F400000F10060414600F5003006F03BF830B992
:100F500001233B74E0E74FF400463546ECE7A26816
:100F600005F11001404632442144A260E268521B60
:100F7000E26000F0AFFE0220BDE8F04100F090BE5C
:100F8000183000F0E9BC000010B5044600F0FAFF8C
:100F9000204610BD10B5044600F0F4FF204610BDF9
:100FA000C0B2A0F14103052B02D83738C0B2704758
:100FB000A0F16103052B94BF57383038F6E70000E5
:100FC00070B504461546084603220C4900F08CFE15
:100FD000014688B908346E1C15F91100FFF7E0FFCF
:100FE000024616F911000131FFF7DAFF102940EA35
:100FF000021004F8010BEFD170BD00BF149200087D
:101000002DE9F04FADF53F7D0746416801222AA842
:1010100002F09AFE002840F087800646824681460C
:101020001125DFF80C81DFF80CB101AB4FF48052D1
:1010300041462AA802F0E8FF002875D1019AB2F5CE
:10104000805F71D8002A65D00446019A9442ECD2A0
:10105000282D0FD008DC132D2DD01E2D39D0112DA9
:1010600013D00134A4B2F0E7322D2DD0372D2FD07C
:101070002D2DF6D13B68121B08EB040138461B6985
:101080002D259847BDF80440EBE7121B022A09D929
:10109000594608EB040000F027FE18B90234282551
:1010A000A4B2DEE718F804303A2B3DD00A2B1CBF5F
:1010B000A1461325D5E718F804300A2B34D03A2B73
:1010C00004BFA2463225CCE718F80430202BC8D044
:1010D000264618F804300A2B1AD1AAEB090208EBAD
:1010E000090102A811254F2A28BF4F2208F07EF8D7
:1010F000A21B08EB060116A84F2A28BF4F2208F0B2
:1011000075F83B6816AA02A9DB6838469847A8E735
:101110001E25A6E73B68384604491B69984701200D
:101120000DF53F7DBDE8F08F0020F9E7169300082C
:10113000A02300201892000800F1180110B5044601
:1011400086B00846019100F0F1FB2046FFF758FFFA
:1011500060B1019902A800F049FC102204F10801D5
:1011600002A808F003F8B0FA80F0400906B010BDFC
:1011700070B504460025EEB2304600F0FFFC58B1D1
:1011800000213046013500F009FD08B9002070BD8E
:10119000022000F085FDEEE72046FFF731FF002832
:1011A000F4D004F58034207C80F00100EFE70000EB
:1011B000F0B5C9B006F072F900F000FF18B90025CB
:1011C000284649B0F0BD69462A4802F0DFFF0028F2
:1011D0004BD1294C204603F009F8284803F006F8C3
:1011E000274803F003F82146224803F07BF8002843
:1011F000E5D1702000F0C0FE064610B1214B4460DE
:101200000360336830469B689847054600282ED017
:101210001A4F1948394603F065F805460028CED123
:10122000194800F0A9FE044638B1184B4760036026
:1012300000F58033C0E902551D74236820469B6881
:101240009847054628B10E490C4803F04BF8002892
:10125000B5D1336830465B6898471CB12368204697
:101260005B68984700F092FEAAE70025FAE704467B
:10127000EFE700BF1C9200082C9200084392000880
:10128000599200087C92000814000100989200080E
:101290002DE9F04FD44A8DB00B68D0F804A001932B
:1012A0001A440368D14E1A44D1F81C90DFF8B4C335
:1012B000DFF8B4B3D0E90234634003EA0A036340C1
:1012C00013444A6802920AEB7363029CC84A2244A0
:1012D000C468224484688AEA04051D4065401544B8
:1012E0008A68039203EB3555039CC24A2244846802
:1012F00022448AEA03042C4084EA0A041444CA689B
:1013000005EBF4340492164483EA05022240564465
:101310005A4032440E69059604EBB222059FB64E40
:101320003E441E4485EA040313406B4033444E6937
:10133000069602EB7363069FB04E3E442E4484EA49
:1013400002051D40654035448E69079603EB35550F
:10135000079FAB4E3E44264482EA03042C4054408F
:101360003444A84E4E4405EBF434164483EA050297
:1013700022405A4032440E6A089604EBB222089F7B
:10138000A14E3E441E4485EA040313406B4033449F
:101390004E6A099602EB7363099F9C4ED1F830E0C8
:1013A0003E44D1F83880F3442E4484EA02051D40BF
:1013B000654035448E6AA6F5244703EB35550A96F9
:1013C0004F3F274482EA03042C4054403C44CF6AF8
:1013D0000B9705EBF4340B9E8D4F3744029E174458
:1013E00083EA050222405A403A448A4F774404EB8C
:1013F000B2221F4485EA040313406B403B444F6B09
:10140000BC4402EB7363654484EA020C0CEA030CEF
:101410008CEA040C6544DFF854C2C44403EB355530
:10142000A44482EA03042C4054406444D1F83CC0F4
:10143000794905EBF4346144114483EA0502224002
:101440005A400A44754904EBB2223144079E1944BC
:1014500084EA02032B4063400B44714902EBF363BF
:1014600031440B9E0D4482EA03012140514029443E
:101470006C4D03EBF1513544019E254483EA010490
:1014800014405C402C44684D01EBB4443544069E46
:10149000154481EA04021A404A402A44634D04EB91
:1014A000323235440A9E1D4484EA02030B406340F5
:1014B0002B445F4D02EBF3633544059E0D4482EAF5
:1014C00003012140514029445A4D03EBF151654439
:1014D000254483EA010414405C402C44564D01EB42
:1014E000B4443544099E154481EA04021A404A4036
:1014F0002A44524D04EB32323544049E1D4484EAA2
:1015000002030B4063402B444D4D02EBF363454413
:101510000D4482EA0301214051402944494D03EB27
:10152000F1513544089E2C4483EA010515405D4085
:101530002C44454D01EBB4443544039E2A4481EAD2
:1015400004051D404D402A44404D04EB32323D44D9
:101550002B4484EA020593440D4065402B443C4DE6
:1015600002EBF3633544069E294482EA03052540D5
:1015700055402944374D03EBF1514D442C4483EA47
:10158000010515405D40254401EBB54581EA0504A0
:1015900004EA03024A405A44A6F5B82B089E05EB1C
:1015A0003232ABF2BE6B54405B4423442A4C344489
:1015B00002EB33730B9E0C4485EA0201594021442F
:1015C000264C344403EB7151029E254482EA030405
:1015D0004C402544224C444401EB3545144483EAF5
:1015E00001026A40224443E078A46AD7EECEBDC12E
:1015F00056B7C7E8DB702024AF0F7CF52AC68747B3
:10160000134630A8019546FDD8988069AFF7448B02
:10161000BED75C892211906B2108B44962251EF661
:1016200040B340C0515A5E26AAC7B6E95D102FD616
:101630005314440281E6A1D8C8FBD3E7E6CDE121EB
:10164000D60737C3870DD5F4ED145A4505E9E3A94C
:10165000F8A3EFFCD9026F6781F6718722619D6D57
:101660000C38E5FD937198FD8A4C2A8D8E4379A63E
:10167000934C344405EB7222059E1C4481EA050319
:10168000534023448F4C344402EB33730A9E0C4482
:1016900085EA0201594021448B4C4C4403EB7151C3
:1016A000254482EA03044C402C44884D354401EB28
:1016B0003444019E154483EA010262402A44844D69
:1016C0003D4404EB72221D4481EA040353402B4441
:1016D000804D354402EB3373049E294484EA0205AD
:1016E0005D4029447C4D354403EB7151079E2544F0
:1016F00082EA03044C402C44784D354401EB3444D9
:10170000099E2A4483EA010565401544744A32441F
:1017100004EB7525039E134481EA04026A401A44CF
:10172000704B734405EB32720B4484EA050151405F
:1017300019446D4B634402EB71511C4485EA02036A
:101740004B401C44694B334401EB3444019E1D441F
:1017500082EA010363402B44654D04EB7323354457
:10176000069E154463EA010262402A44614D03EB80
:10177000B2624D4462EA040929445F4D89EA0309D3
:10178000454449442C445D4D02EBB1513544049E1F
:1017900061EA03081D4488EA0208444401EB7444EA
:1017A00064EA02034B402B44554D04EBF32375448C
:1017B00063EA010E15448EEA040E0EEB0502514D4C
:1017C00003EBB262354462EA040E29440A9D8EEAB4
:1017D000030EA5F580164C4D7144A6F6833602EB38
:1017E000B151264461EA030454403444029E01EBA3
:1017F0007444354464EA02061D444E407319089E41
:10180000424D04EBF323354463EA01061544664078
:1018100072193F4D03EBB262654462EA0406294443
:101820003C4D5E403144079E02EBB151354461EAC4
:1018300003062C44384D56403D443444059E1D4417
:1018400001EB744464EA02034B402B44334D04EB38
:10185000F32335440B9E154463EA010262402A4497
:101860002F4D03EBB2623544039E0D4462EA04013E
:10187000594029442B4D02EBB15135442A4E2544A1
:1018800061EA030454402C44099D01EB74442E4446
:1018900064EA02051E4485EA01039D1903681A449F
:1018A0000AEB040303EBF5230260436083681C44E6
:1018B000C36819448460C1600DB0BDE8F08F00BFFB
:1018C00044EABEA4A9CFDE4B604BBBF670BCBFBEE2
:1018D000C67E9B28FA27A1EA8530EFD4051D88042F
:1018E00039D0D4D9E599DBE6F87CA21F6556ACC4A3
:1018F000442229F497FF2A43A72394AB39A093FCF1
:10190000C3595B6592CC0C8FD15D84854F7EA86FE7
:10191000E0E62CFE144301A3A111084E827E53F78A
:1019200035F23ABDBBD2D72A91D386EB094B03607F
:1019300003F18833436003F12943A3F59613A3F61B
:101940008B638360A3F18833C3600023C0E9043351
:10195000704700BF012345672DE9F843144602692B
:1019600005460E46E300C2F3C50800F118079B18B0
:10197000036122BF43690133436112F4FC7F436971
:1019800003EB5473436114D0C8F1400907EB08001E
:101990004C4504D22246BDE8F84307F0F7BB403C73
:1019A0004A464E4407F0F2FB444439462846FFF7C6
:1019B0006FFCA04606EB0409B8F13F0FA9EB080144
:1019C0000AD94022384607F0E1FB39462846A8F1FB
:1019D0004008FFF75DFCEFE7A1096FF03F023846D2
:1019E00002FB014206EB8111D5E7000070B50B69DF
:1019F00001F1180506460C46C3F3C503EA18501C4E
:101A00008022EA54C3F13F02072A1FD8002100F0C8
:101A100087F929462046FFF73BFC3822002128465B
:101A200000F07EF9236929462046236563696365D2
:101A3000FFF72EFC21461022304607F0A7FB204678
:101A400058220021BDE8704000F06AB9C3F13702A6
:101A50000021E5E72DE9F84F4FF47A7306460D466D
:101A6000002402FB03F7DFF85080DFF8509098F96C
:101A700000305FFA84FA5A1C01D0A34210D159F801
:101A800024002A4631460368D3F820B03B46D847A5
:101A9000854205D1074B012083F800A0BDE8F88FEF
:101AA0000134042CE3D14FF4FA7004F0B3FD0020AC
:101AB000F4E700BFE43300201022002014220020AD
:101AC000002307B5024601210DF107008DF807300C
:101AD000FFF7C0FF20B19DF8070003B05DF804FBDD
:101AE0004FF0FF30F9E700000A46042108B5FFF780
:101AF000B1FF80F00100C0B2404208BD074B0A466A
:101B000030B41978064B53F821400146236820462B
:101B1000DD69044BAC4630BC604700BFE4330020B5
:101B200014220020A086010070B50A4E00240A4D40
:101B300005F0ECF9308028683388834208D905F035
:101B4000E1F92B6804440133B4F5003F2B60F2D374
:101B500070BD00BFE6330020A033002005F0A4BA1A
:101B600000F1006000F500300068704700F100608F
:101B7000920000F5003005F025BA0000054B1A6808
:101B8000054B1B889B1A834202D9104405F0BAB951
:101B900000207047A0330020E633002038B504460B
:101BA000074D29B128682044BDE8384005F0C2B986
:101BB0002868204405F0ACF90028F3D038BD00BFF8
:101BC000A03300200020704700F1FF5000F58F1077
:101BD000D0F8000870470000064991F8243033B16E
:101BE00000230822086A81F82430FFF7BFBF0120D4
:101BF000704700BFA4330020014B1868704700BF36
:101C00000010005C194B01380322084470B51D68B0
:101C1000174BC5F30B042D0C1E88A6420BD15C6834
:101C20000A46013C824213460FD214F9016F4EB1AD
:101C300002F8016BF6E7013A03F10803ECD18142A7
:101C40000B4602D22C2203F8012B0424094A1688E1
:101C5000AE4204D1984284BF967803F8016B013CF0
:101C600002F10402F3D1581A70BD00BF0010005CED
:101C700024220020D8920008022803D1024B4FF002
:101C800080529A61704700BF00100258022803D1A9
:101C9000024B4FF480529A61704700BF0010025807
:101CA000022804D1024A536983F480535361704778
:101CB0000010025870B504464FF47A764CB1412CAE
:101CC000254628BF412506FB05F0641B04F0A2FC55
:101CD000F4E770BD002310B5934203D0CC5CC4542C
:101CE0000133F9E710BD0000013810B510F9013FCC
:101CF0003BB191F900409C4203D11AB10131013A44
:101D0000F4E71AB191F90020981A10BD1046FCE7CB
:101D100003460246D01A12F9011B0029FAD1704776
:101D200002440346934202D003F8011BFAE77047CE
:101D30002DE9F8431F4D14460746884695F82420A0
:101D400052BBDFF870909CB395F824302BB9202259
:101D5000FF2148462F62FFF7E3FF95F82400414634
:101D6000C0F1080205EB8000A24228BF2246D6B28D
:101D70009200FFF7AFFF95F82430A41B17441E44D0
:101D80009044E4B2F6B2082E85F82460DBD1FFF768
:101D900023FF0028D7D108E02B6A03EB820383429C
:101DA000CFD0FFF719FF0028CBD10020BDE8F88382
:101DB0000120FBE7A4330020024B1A78024B1A7073
:101DC000704700BFE433002010220020F8B5194C02
:101DD000194803F027FF2146174803F04FFF2468F6
:101DE0004FF47A70154ED4F89020154DD2F804387F
:101DF000114F43F00203C2F80438FFF75BFF20469F
:101E0000104904F049F8D4F890200424D2F804389A
:101E100023F00203C2F804384FF4E133336055F87D
:101E2000040BB84202D0314603F05AFE013CF6D111
:101E3000F8BD00BFD89A000818490020CC33002014
:101E400014220020E09A00080C4B70B50C4D04469B
:101E50001E780C4B55F826209A420DD00A4B0021D3
:101E600018221846FFF75CFF0460014655F826006B
:101E7000BDE8704003F034BE70BD00BFE433002005
:101E80001422002018490020CC330020F8B571B688
:101E9000002301201A46194602F08AFD04468020DC
:101EA00005F0A2F9002849D00025254A80274FF4E3
:101EB000D06C3D26136913F0C06F26D1D2F81031D3
:101EC00013F0C06F21D1236805F100619960236888
:101ED000D86023685F602368C3F800C021680B687E
:101EE00043F001030B6021680B6823F01E030B60B5
:101EF00021680B68DB07FCD4237B8035616806FA18
:101F000003F3B5F5001F0B60D4D1204602F086FD27
:101F1000B5F5001F11D000240A4E0B4D012005F02D
:101F2000C3F83388A34205D928682044013405F05A
:101F300001F8F6E7002005F0B7F861B6F8BD00BF7C
:101F400000200052E6330020A033002030B50A44C0
:101F5000084D91420DD011F8013B5840082340F341
:101F60000004013B2C4013F0FF0384EA5000F6D13B
:101F7000EFE730BD2083B8ED0121884238BF084625
:101F800005F06AB908B105F06BB9704710B5084C97
:101F900001220849002001F0B3FE23783BB1064836
:101FA00003F016FD044803F049FD0023237010BD23
:101FB000E8330020E8920008C83600201D482DE9CB
:101FC000F041036D2BB901224FF48051503005F0E0
:101FD000CFFA194E33780BB1FFF7D8FF0324174F10
:101FE0004FF00008134D15492846C7F8048003F048
:101FF00017FD284603F050FB48B1013C284603F08A
:102000001DFD14F0FF04EED1204634700FE00C49A2
:1020100001220C4801F074FE014618B1284603F075
:10202000D7FCEAE7084800F011F801203070BDE85D
:10203000F08100BFC8360020E83300203C22002099
:10204000E8920008EC330020EC9200080FB4002066
:1020500004B07047006870470346006859687047CD
:102060000B0A017043700B0C090E8370C17070472E
:10207000110A027003714170110C120E8170C2704E
:102080001A0A42711A0C1B0E8271C371704700004C
:10209000C36A0239023B8B4283BF4389006C01FB58
:1020A0000300002070470000C2F307238A76CB7636
:1020B0000378032B01BF120C0A75120A4A75704788
:1020C00000F10B010022D30143EA520310F8012B67
:1020D00052FA83F38842DAB2F5D110467047000015
:1020E00010B5417804460020013102464901022A18
:1020F00016BFA35C032203EBC03302F101021EBF33
:102100009BB203EB500398B29142F0D810BD00008F
:1021100002684AB1134613F8011B1F290DD93A2949
:10212000F9D1911C8B4202D04FF0FF3070471278EA
:10213000302AF9D1036000207047014B18787047AE
:102140003836002038B50D46044618B9092000235A
:102150002B6038BD0368002BF8D01A78002AF5D020
:102160008188DA889142F1D1587804F0EFFB10F0C1
:102170000100EBD12368EBE738B50D4640F2523150
:10218000144602F0B9F9FF2807D9012C0BD9030A2C
:10219000022468702B70204638BD30B1002CFAD074
:1021A00001242870F7E70024F5E70446F3E7000070
:1021B0002DE9F8430026D0F8008005460C468E76BF
:1021C000836B002B4AD098F80030042B4BD1334658
:1021D0003546402720E0B7F5187F80F0C480F90627
:1021E00006F1010608BF0237D05B02372BB900F5B4
:1021F000205292B2B2F5006F0DD305F11A01C5F16C
:10220000FF0240EA03402144FFF7B6FF002800F038
:10221000AA80054400200346D8F8102092F8231025
:10222000B142D8D8002B40F09E80002D00F09B805A
:1022300000232544AB766373D8F81020137903F09C
:102240003701DB0621730BD402F13800FFF704FFDE
:10225000C4E9000193896381D3892381BDE8F883B0
:1022600000200146F4E7C36C01335ED1EA6B002322
:102270002E26551E184615F8011F013020290CD0B6
:10228000052908BFE521092804D10B2B9EBFE718BB
:1022900001337E73E718013379730B28EBD1E11812
:1022A00000204873A17E00294BD1002B40D06FF055
:1022B0000C0604F10D000825361B331810F8011B1D
:1022C000002938D02E298BB24AD0A3F14101192917
:1022D00003D8117B0D4200D020330373EDE7B9F131
:1022E000000F05D100F520539BB2B3F5006F0BD35F
:1022F00007F11A01C7F1FF0240EA09402144FFF744
:102300003BFF48B10744002002368146D8F80C3024
:10231000985B0028E3D13846B9F1000F4FF0000276
:1023200018BF002023189A76A0E7B1463746EDE79C
:102330003F23A3760123234400219976137B03B91D
:102340006373D37A02F11C0003F03F03237300236D
:10235000FFF780FE20606360D38A6381138B7CE784
:1023600010250B46B9E73F230125A37660E700005F
:1023700038B50546002435F8020B08B9204638BDAB
:1023800002F0EEF86308C2B203EBC43312FA83F32F
:102390009AB2C0F3072303EB520303EBC2339CB2A0
:1023A000E9E7000037B5C37804461BB90025284685
:1023B00003B030BD00F14C01826C012340780191E3
:1023C00004F0EAFA054680B9A36BE070A06C226BBA
:1023D000C31A9342EAD2A3780199022BE6D10244B0
:1023E0000123607804F0D8FAE1E70125DFE7000077
:1023F00038B5836C05460C468B4210D0FFF7D2FFF0
:1024000060B92246012305F14C01687804F0A0FA76
:1024100000281CBF4FF0FF340120AC6438BD002001
:10242000FCE7000038B500230446C3704FF0FF33CB
:102430008364FFF7DDFF00284BD1B4F84A524AF617
:1024400055239D4207D10B22254904F14C0006F08B
:102450008DFE00283FD094F84C30EB2B03D018337E
:10246000DBB2012B2ED84AF655239D4206D1082215
:102470001C4904F19E0006F079FE48B3B4F85730C9
:10248000B3F5007F1ED194F85930DBB15A1E1A42C1
:1024900018D1B4F85A30ABB194F85C30013B012B41
:1024A00010D8B4F85D306BB1B4F85F307F2B06D82C
:1024B00004F16C00FFF7CEFDB0F5803F02D3B4F815
:1024C000623053B94AF6552085420CBF02200320E2
:1024D00038BD0420FCE70120FAE70020F8E700BF40
:1024E000189300082493000802392DE9F04701F001
:1024F00007044FF0010A466C05460AFA04F4174631
:10250000984606EB1136C1F3C809E4B231462846B5
:102510000136FFF76DFF18B10120BDE8F08799463D
:1025200005EB090292F84C30234214BF012100212F
:10253000414513D06340013F82F84C3085F803A039
:10254000EBD0640014F0FF04EAD109F10103012487
:102550004FF00009B3F5007FE1D1D7E70220DCE7B7
:1025600001290246F8B50C4640F28C800668F36AF1
:102570008B4240F287803378013B032B00F282804C
:10258000DFE803F00229384B04EB5405B16B304609
:1025900001EB5521FFF72CFF10B14FF0FF30F8BDD4
:1025A0006F1CC5F30805B16B3046354401EB57216C
:1025B00095F84C50FFF71CFF0028EED1C7F3080731
:1025C000E3073E4496F84C0045EA00204CBF000962
:1025D000C0F30B00E3E7B16B304601EB1421FFF7CA
:1025E00007FF0028D9D1640004F4FF742644B6F82C
:1025F0004C00D4E7B16B304601EBD411FFF7F8FE85
:102600000028CAD1A40006F14C0004F4FE74204452
:10261000FFF720FD20F07040C1E7D0E90430D57904
:1026200053EA000101D0916801B95DBB9168022DA8
:10263000A4EB01010DD1013B728940F1FF305B0A2F
:1026400043EAC053B3FBF2F399421BD81CD0601C81
:10265000A5E7032D02D193698B42F8D8D3699BB9C2
:10266000B16B304601EBD411FFF7C2FE002894D1C4
:10267000A0004C3600F4FE703044FFF7EBFC20F075
:1026800000408CE701208AE76FF0004087E70000F8
:10269000F8B5066804460D463378042B0CBF4FF09E
:1026A00080524FF400128A4201D80220F8BDCA06B7
:1026B000FBD182680163D2B9022B13D83389B3EB03
:1026C000551FF2D9F36BA363A36B6263002BECD0AD
:1026D00003EB55234C36C5F308050020A3633544AE
:1026E000E563E3E7F36BC271002BE7D01A46778905
:1026F0007F02BD42114604D23046FFF7C9FCA063F9
:10270000E2E72046FFF72CFF431C024606D00128D3
:10271000CBD9F36A8342C8D9ED1BEAE70120C5E7AC
:1027200001292DE9F04706460C46174608D9C36A29
:102730008B4205D90378022B62D003D8012B22D01B
:10274000022552E0033B012BFAD8816B01EBD41137
:10275000FFF74EFE0546002847D1A40006F14C03C2
:1027600004F4FE741C443378042B07D0204627F071
:102770007047FFF76FFC00F0704007433946204672
:10278000FFF76EFC2FE001EB5108816B01EB582144
:10279000FFF72EFE054640BB14F0010406F14C097C
:1027A00008F1010AC8F3080808BFFBB230461FBF92
:1027B00019F8083003F00F023B0103F0F00318BFD3
:1027C000134309F808300123B16BF37001EB5A2170
:1027D000FFF70EFE054640B9CAF3080A44B1C7F335
:1027E000071709F80A700123F3702846BDE8F0873F
:1027F00019F80A30C7F3032723F00F031F43F0E74C
:10280000816B01EB1421FFF7F3FD05460028ECD1A5
:10281000640006F14C0304F4FF741F551919C7F343
:1028200007274F70DFE70000F8B504460E4617464D
:10283000E3690BB91846F8BD012BA6EB0305206828
:1028400014BFAA1C3A46691CFFF76AFF0028F2D1A0
:10285000E369013BE361EBE701292DE9F843064613
:102860000C461746056802D80220BDE8F883EB6ADB
:102870008B42F9D97AB9A14621463046A046FFF7E6
:102880006FFE0446B0B92B78042B02D1002F43D140
:10289000F7710020E9E72B78042B02D1C379022BD2
:1028A000E9D04FF0FF3239462846FFF739FF0028BC
:1028B000E1D0DAE70128D7D0421C01D10120D4E7CA
:1028C0002B78042B19D1EA6AAB69023A93421CD3E4
:1028D00008F10102A2420CD02B78042B08D100236E
:1028E000A2EB090249462846FFF7FEFD0028BCD1AD
:1028F000A146EB6AA342BFD8C5E70022414628465D
:10290000FFF70EFF0028DED0AFE70133AB612B7974
:1029100043F001032B71DBE7F3798BB9B468BC4258
:1029200002D10223F371B4E721463046FFF718FEC7
:10293000012899D9431CC1D001348442EFD0A8E7C3
:10294000032BA6D1B368BB42A3D8B2691344BB42E0
:102950009FD3E6E770B5C3790446032B06D181689F
:102960008369CD18A94203D10023E371002070BD13
:102970004E1C20683246FFF7D3FE0028F7D13146BF
:10298000F0E700002DE9F74305460191FFF70AFD46
:102990000446002849D105F14C09019928464FF415
:1029A0000072FFF775FB2146A86407464846FFF70B
:1029B000B7F96C896402B4F5004F28BF4FF40044A6
:1029C000B4F5007F2FD9204604F04EFC804630B18C
:1029D00022460021640A0026FFF7A2F909E06408F4
:1029E000EEE72346BA194146687803F0D5FF18B9D7
:1029F00026446B899E42F4D3404604F045FC688926
:102A0000801B18BF012003B0BDE8F08301366B893D
:102A10009E42F4D20123BA194946687803F0BCFFFC
:102A20000028F3D0EBE70026F1E70120EBE70000F8
:102A3000F8B50446FFF7B6FC0546002842D12378D6
:102A4000032B37D12779012F34D104F14C060146ED
:102A50004FF400723046FFF763F95523412272218B
:102A600084F84A32AA2304F50D7084F84F2084F8C4
:102A70004B32522384F8301284F84C3084F84D30B5
:102A8000612384F8311284F84E3084F83332A1691E
:102A900084F83222FFF7E4FA616904F50E70FFF75B
:102AA000DFFA626B3B46314601326078A26403F084
:102AB00073FF257100226078114603F091FF003802
:102AC00018BF0120F8BD000000232DE9F0430B6082
:102AD00085B00F461546FFF71BFB061EC0F2B281FC
:102AE000804B53F82640002C00F0AE813C6005F08E
:102AF000FE0523786BB1607803F028FFC70708D480
:102B00001DB110F0040500D00A25284605B0BDE827
:102B1000F0830023F0B22370607003F003FFC1075D
:102B200000F194810DB14207EED400212046FFF759
:102B300079FC022840F099806E4604F2122304F2D8
:102B40005221324618461033FFF784FA42F8040B3C
:102B50008B42F7D1002556F8041B00297DD0204672
:102B6000FFF760FC012879D80128A26C40F0C080F2
:102B700004F1570304F18C0113F8015B002D7BD1A4
:102B80008B42F9D1B4F8B430B3F5807F74D194F8A6
:102B9000B830092B70D104F19400FFF75DFA4FF0C3
:102BA000FF33171841F10001BB4275EB010363D3FA
:102BB00004F1A000FFF74EFA94F8BA302063012B1D
:102BC000A37059D194F8B99003FA09F91FFA89F35F
:102BD0006381002B50D0444B04F1A800FFF73AFA70
:102BE0000646984248D8831C626304F1A400E3625D
:102BF000FFF730FA00EB020804F19C00C4F84080B3
:102C0000FFF728FA10441FFA89F2A06306FB02F3CB
:102C100013EB080345EB05029F4271EB02032BD334
:102C20002E4604F1AC00FFF715FAE06365B963893D
:102C3000B34221D9E16B2046FFF72AFA81192046D9
:102C4000FFF7D6FB98B90136631993F84C30812B06
:102C500014D02035C5F30805E8E703200135042D1D
:102C60007FF479AF042807D101E0042801D10125C0
:102C70004BE701287FF678AF0D2546E705F11400F4
:102C800004F14C063044FFF7E5F901280546F3D975
:102C9000E36A8342F0D96189821E236C02FB01330F
:102CA0006364A16B204601EBD511FFF7A1FB00285F
:102CB000DDD105F07F0006EB8000FFF7CBF9431C68
:102CC00003D00135A842ECD0D6E70425C4E90500BD
:102CD000064A257000251388E56101339BB21380F5
:102CE000E38012E73C360020FDFFFF7F40360020E6
:102CF000B4F85730B3F5007FBED1B4F8626026B99E
:102D000004F17000FFF7A6F9064694F85C302663DC
:102D1000591EA3700129AFD894F859506581002D30
:102D2000AAD0691E2942A7D1B4F85D8018F00F0F10
:102D3000A4F80880A0D1B4F85F0018B904F16C00C1
:102D4000FFF788F9B4F85A10002995D006FB03FE66
:102D500001EB181CF44460458ED3A0EB0C00A84294
:102D6000B0FBF5F388D33E48834285D84FF6F57023
:102D700083426DD903259F1C114402EB0C03032DE4
:102D8000E7626263A16323644CD1B4F8763053EAFE
:102D900008037FF471AFBB0004F17800FFF75AF924
:102DA000E06303F2FF13B6EB532FFFF465AF4FF070
:102DB000FF33032DC4E905334FF08003237187D11E
:102DC000B4F87C30012B83D1511C2046FFF710FB57
:102DD00000287FF47DAFB4F84A224AF655232071CB
:102DE0009A427FF475AF1F4B04F14C00FFF732F9A4
:102DF00098427FF46DAF03F1FF5304F50C70FFF7B9
:102E000029F903F50053203398427FF461AF04F5AC
:102E10000D70FFF71FF9A06104F50E70FFF71AF9A6
:102E2000606155E7B8F1000F3FF426AF7144022D01
:102E30004FEA4703E1631EBFD91907F0010303EB13
:102E40005103AEE70B2560E60C255EE603255CE644
:102E500040F6F575AB428CBF022501258BE700BF1C
:102E6000F5FFFF0F525261412DE9F84F0746056803
:102E7000884649B96E69C6B1EB6AB34298BF01266C
:102E8000AB69A3B9002405E0FFF76AFB01280446FB
:102E900003D801242046BDE8F88F421C00F0D28000
:102EA000EB6A8342F6D84646EAE70126E8E72A7845
:102EB000EB6A042A40F08380A6F1020A023B4FF03D
:102EC000010B9A4528BF4FF0000AD146696C28468D
:102ED00001EB1931FFF78CFA00283BD109F0070309
:102EE000EA6AC9F3C8010BFA03F3901EDBB26A1851
:102EF0004C4609F1010992F84C20814502EA03028F
:102F000033BF5B0000234FF40071DBB228BF99464A
:102F1000B2B90234631E0333BCD8012321462846CC
:102F20001A46FFF7E1FA0228B3D0012800F08A80A0
:102F3000B8F1000F13D10223FB710028A9D130E0B2
:102F4000CA450AD0002BD2D10131B1F5007FBDD2E4
:102F50000123CCE74FF0FF34DCE70024DAE7FB790C
:102F6000022B07D1731CA342E7D0BB68F31ABB61E5
:102F70000323FB7108F10102FB69A24205D113B1E1
:102F80000133FB61D9E70223FBE70BB90123FB61A6
:102F9000224641463846FFF747FC00284FD101231F
:102FA000FB61EA6AAB69023A6C6193429CBF03F130
:102FB000FF33AB612B7943F001032B716AE7464580
:102FC00014D1741C3846A34298BF02242146FFF74F
:102FD000C7FA01283FF45DAF431C33D0E0B16B6901
:102FE000012B03D9EA6A934238BF1E4634460134A6
:102FF000EB6AA34203D8012E7FF644AF0224214698
:103000003846FFF7ADFA48B101283FF442AF01302E
:1030100018D0B442EBD135E7002CE7D04FF0FF32A7
:1030200021462846FFF77CFB48B9B8F1000FB8D01D
:10303000224641462846FFF773FB0028B1D00128FD
:103040007FF427AF4FF0FF3424E700002DE9F84369
:1030500006680446076B894633782037042B0CBF7B
:103060004FF080534FF40013BB429CBF0023836397
:10307000836B73B1C7F30808B8F1000F3CD101337B
:10308000416B836339B93389B3EB571F34D80023BD
:10309000A36304200AE07389013B13EA57232BD171
:1030A000FFF75EFA0128054602D80220BDE8F88342
:1030B000421C01D10120F9E7F36A834216D8B9F125
:1030C000000FE4D0616B2046FFF7CEFE0546C8B185
:1030D0000128EAD0431CEDD001463046FFF752FCF0
:1030E0000028E7D1E37943F00403E3712946304631
:1030F0006563FEF7CDFFA0634C360020276346448E
:10310000E663D3E70720D1E7F8B50E460021044671
:103110000768FFF7BDFA98B90546A16B3846FFF777
:1031200067F968B93A78E36B042A1B780CD11B065F
:103130000ED5054601212046FFF788FF0028ECD078
:10314000042808BF072006E0E52B01D0002BF0D1B2
:103150000135B542EED1F8BDC16C4B1C2DE9F041F3
:1031600004460568066B1FD1E5274FF00108A16BE7
:103170002846FFF73DF998B92A78E36B042A09BF7E
:103180001A781F7002F07F021A7085F80380236B93
:10319000B3420DD200212046FFF758FF0028E6D0A9
:1031A000042808BF022003E0FFF772FA0028DBD0F2
:1031B000BDE8F0812DE9F04105460068A96B06697C
:1031C000FFF716F9044620B9EB6B1A78852A03D06D
:1031D00002242046BDE8F081324603F1200153F875
:1031E000040B8B4242F8040BF9D1777801377F0149
:1031F000A7F16003B3F5007FEAD800212846FFF766
:1032000025FF04280446E3D00028E2D1A96B2868F2
:10321000FFF7EEF804460028DBD1EB6B1A78C02AE2
:10322000D6D106F1200203F1200153F8040B8B42A2
:1032300042F8040BF9D196F823300F222C33B3FB5C
:10324000F2F3B7EB431FC3D34FF0400800212846E9
:10325000FFF7FCFE04280446BAD00028B9D1A96BB8
:103260002868FFF7C5F804460028B2D1EB6B1A783E
:10327000C12AADD1B8F5187F09D206EB080203F1D7
:10328000200153F8040B8B4242F8040BF9D108F1EA
:1032900020084745DAD8B8F5187F9AD83046FEF7A7
:1032A0001FFF7388834294D092E700000B680022CE
:1032B00010B5036004460B6A83604B6AC261C37138
:1032C00023F0FF03896AC0E90432C164FFF7E0F923
:1032D00020B92046BDE81040FFF76CBF10BD0000CC
:1032E000F8B50368054601271C692046FEF7F8FE7D
:1032F000A070000A6678E0702846E96CFFF7C8F90C
:1033000020B1022828BF0220C0B2F8BDA96B2868EE
:10331000FFF76EF80028F4D1EB6B04F1200254F8AB
:10332000041B944243F8041BF9D12B68DF70002E74
:10333000E7D000212846013EFFF788FEE0E70000C5
:103340002DE9F8434FF0FF08064607680424454678
:103350004FF6FF79B16B11B9002C73D063E038469A
:10336000FFF746F8044600285DD1F06B0378002B88
:103370006ED03A78042A11D1852B4DD1336B30466B
:10338000F364FFF717FF044600284CD13B691B7913
:1033900003F03F03B3712046BDE8F883C27AE52B02
:1033A00002F03F02B27143D02E2B41D022F0200117
:1033B00008293DD00F2A40D1590637D503F0BF0563
:1033C000336B90F80D80F364437B434530D1428BDF
:1033D00072BB03780D21FC6823F04003DFF874E032
:1033E000013B4B4301211EF801CB30F80CC009B35F
:1033F000FF2B1DD824F813C06146013301320D2A7A
:10340000F1D10278520605D521B1FF2B10D8002248
:1034100024F81320013DEDB200213046FFF716FEDF
:103420000446002896D00023B363B4E7AB42CBD068
:10343000FF25F1E7CC45E1D0FAE72DB9FEF740FED4
:10344000404501D10024A6E74FF0FF33F364A2E723
:103450000424E8E7C09300082DE9F04F002187B06D
:103460000446D0F80090FFF713F9804670B999F838
:103470000030042B33D1D9F80C00FEF779FF074652
:103480002046FFF75DFF054620B18046404607B065
:10349000BDE8F08FD9F810309A8CBA42F0D193F889
:1034A00023B040265D4506D1D9F80C3033F81530ED
:1034B000002BE5D1EAE7F106D9F8103008BF023653
:1034C000985B01F04DF8D9F80C30824633F81500BE
:1034D00001F046F88245D3D102360135E2E74FF0DC
:1034E000FF0A4FF0FF3B5546C4F84CB0A16B48466D
:1034F000FEF77EFF00285CD1E66B3778002F77D08F
:10350000F27AE52F02F03F03A37103D0120704D52E
:103510000F2B04D0C4F84CB04FE00F2B54D194F8CB
:103520004B3058063FD4790645D5236B07F0BF07CB
:1035300096F80DA0E364737B53453ED1738B002B4B
:103540003BD135780121D9F80C3005F03F050193C6
:103550000D23013D5D43284B13F8012BB25A71B383
:10356000FF2D059329D81046049200F0F9FF6B1C3B
:1035700003900293019B33F8150000F0F1FF0399CB
:1035800081421AD1049A029D1146059B1B4A93421F
:10359000E2D133785A0604D519B1019B33F81530BE
:1035A0005BB97D1EEDB200212046FFF74FFD0028DC
:1035B0009CD080466AE7BD42BDD0FF25F3E74FF6B9
:1035C000FF708242E2D0F8E72DB93046FEF778FD71
:1035D00050453FF45BAF94F84B30DB079AD40B2295
:1035E00004F14001304605F0C1FD002892D14DE7BD
:1035F0004FF004084AE700BFC0930008CD930008CD
:103600002DE9F04F90F84BB099B004461BF0A0059F
:1036100040F068810668F26832F81530002B4AD114
:103620003378042B40F087800F230E352046B5FBFE
:10363000F3F5A91CFFF768FD8146002877D1236BBD
:103640000135A3EB4515E3795A07E56435D523F039
:1036500004032046E371FFF77DF950BB4FF0FF32C2
:10366000616B2046FFF7E0F818BBA3682BB3214637
:1036700004A8FFF71BFEE0B970894FF40071D4E98C
:103680000423E0FB01233069C4E904233830FEF74A
:10369000EFFC3069D4E904232830FEF7E9FCE37934
:1036A000326904A843F0010382F82130FFF718FEC5
:1036B00018B181463BE00135AEE7D6E9035440221C
:1036C00000212046FEF72CFB852301214022237098
:1036D000C0234FF0C10C04EB010884F82030002314
:1036E0001E469E46571C04F802C0F0B2023204F88F
:1036F00007E021B135F8131009B10133DBB20F0A2D
:10370000A15408F802700232D706F2D135F81370CE
:103710000136002FE6D184F82330831C28466370DD
:10372000FEF726FE84F82400000A84F825004846A7
:1037300019B0BDE8F08F04F140070DF1100A1BF03D
:10374000010F97E807008AE8070000F0D3804023C4
:103750004FF0010884F84B30BC46F368B8F1050F10
:103760009AE80700ACE803002CF8022B4FEA12425B
:103770008CF8002059D9981E424630F8021F0029C3
:1037800042D10DF10F0C072102F00F0E91461209E4
:103790000EF13000392888BF0EF1370001390CF8DE
:1037A000010902D0B9F10F0FEED818AB7E205A18DC
:1037B00002F8580C38460022914206D010F801CB8E
:1037C00002F1010EBCF1200F31D104F13F0C0729A9
:1037D00002F1010297BF18AB20205818013198BFA1
:1037E00010F8580C072A0CF80200F0D92046FFF711
:1037F00033FE8146002878D108F10108B8F1640F42
:10380000AAD14FF0070992E74FF0100C01F0010E1A
:1038100049080EEB4202D30344BF82F4883282F09F
:103820002102BCF1010CF1D1A7E74246A9E772469B
:10383000C2E7216B2046A1EB4511FEF729FF814627
:1038400000287FF474AF4FF6FF783846FEF738FC57
:103850000190A16B3046FEF7CBFD814600287FF436
:1038600066AFE36BE9B2019A4FF00D0CD6F80CE0AD
:103870005A734FF00F02DFF8E0A0DA724A1E187395
:103880000CFB02F284469876D87640451AF8019BE4
:103890000CF1010C18BF3EF8120003EB090B18BF26
:1038A000013203F809004FEA1029002808BF4046FA
:1038B000BCF10D0F8BF80190E7D1404502D03EF8E6
:1038C00012200AB941F0400119700123002120465D
:1038D000F370FFF7BBFB814600287FF428AF013D62
:1038E000B7D11BE04FF0060921E704287FF41FAF92
:1038F00084F84BB01BF0020F20461BBF0C350D2186
:103900000125B5FBF1F518BF01352946FFF7FCFB92
:10391000814600287FF40BAF013D8AD1A16B304670
:10392000FEF766FD814600287FF401AF01462022A4
:10393000E06BFEF7F5F9E36B03CF18605960BA78D6
:1039400039889A72198194F84B30E26B03F01803AE
:1039500013730123F370EAE6C093000810B5044620
:103960000A463430FEF776FB886004F13800FEF733
:1039700073FBC2E9040194F8213003F00203D37110
:103980000023D36110BD000003284B8B04BF8A8A3B
:1039900043EA0243184670472DE9F04F0B7899B07F
:1039A000044689462F2BD0F800B001D05C2B09D1FA
:1039B0004A461378914601322F2BFAD05C2BF8D06F
:1039C000002301E0DBF81C30A3600023E3619BF8D7
:1039D0000030042B1ED1A368E3B1DBF82030214670
:1039E00004A82362DBF824306362DBF82830A3628A
:1039F000FFF75CFC0346002854D1DBF8102002F1ED
:103A00003800FEF727FBC4E9040392F8213003F0E5
:103A10000203E37199F800301F2B00F235818023F7
:103A20000021204684F84B3019B0BDE8F04FFEF776
:103A30002FBE49460B78894601312F2BFAD05C2BDB
:103A4000F8D01F2B8CBF00250425012F2FD1138800
:103A50002E2B31D1002322F8173004F140029F426F
:103A60008CBF2E21202101330B2B02F8011BF6D134
:103A700045F02005204684F84B50FFF7EDFC94F804
:103A80004B30002800F0E78004280BD1990603F0A2
:103A9000040240F1DC80002A00F0F6808023002040
:103AA00084F84B3019B0BDE8F08F0425CDE7022F24
:103AB00002D153882E2BCAD0911E87BB002322F837
:103AC0001730002F00F0118132F81300194601332E
:103AD0002028F9D009B92E2801D145F00305901E00
:103AE00030F817302E2B01D0013FF9D14FF02033A1
:103AF0004FF0000A6364D0462364C4F847300823BB
:103B0000481C32F811600090F6B1202E03D02E2E02
:103B10000DD1B84210D045F003050099F0E731F817
:103B20001730202B01D02E2BC8D1013FC5E79A4575
:103B300005D20099B9423BD10B2B30D101E00B2BC0
:103B400027D145F003050B2394F84020E52A04BF54
:103B5000052284F84020082B04BF4FEA88085FFA4A
:103B600088F808F00C030C2B03D008F00303032B98
:103B700001D145F00205A8073FF57CAF18F0010F11
:103B800018BF45F0100518F0040F18BF45F00805E0
:103B900070E70099B94202D045F00305D4D84FEA46
:103BA00088080B234FF0080A00975FFA88F8B4E7FB
:103BB0007F2E15D9304640F25231CDE9022345F02F
:103BC0000203019300F098FC10F0800F0646DDE937
:103BD000022316D000F07F0646498E5D019D46B354
:103BE00031464548CDE9012305F0EAFADDE9012334
:103BF000F8B9A6F1410189B219291ED848F0020886
:103C000010E0FF28EAD9591E8A4503D345F0030581
:103C10009A4682E704EB0A01000A0AF1010A019DB3
:103C200081F8400004EB0A010AF1010A81F84060C2
:103C300073E745F003055F26F4E7A6F1610189B259
:103C400019299EBF203E48F00108B6B2EAE7002AD3
:103C500008BF052026E75A073FF524AFA379DB0606
:103C600045D59BF80000042835D1A3682146E279A8
:103C700023622369DBF8100023F0FF031343636220
:103C8000E36CA362FFF76AFE23680027DA6819F87D
:103C9000010B00283FF409AF40F25231009200F0CE
:103CA0004BFC054608B31F28009A7FF6FEAE2F286E
:103CB0003FF4BFAE5C283FF4BCAE7F2805D8014678
:103CC0000E4805F07DFA009A78B9FF2F0DD022F842
:103CD00017500137DBE7216B0BF14C03C1F30801EF
:103CE0001944FFF751FEA060CEE70620DAE6052072
:103CF000D8E600BF409300083993000830930008CD
:103D00001FB5CDE9001003A814460391FEF700FA91
:103D1000002815DB0B4A52F820300BB10021197036
:103D2000019B0BB10021197042F820302CB1002208
:103D300001A96846FEF7C8FE0446204604B010BD3F
:103D40000B24FAE73C3600202DE9F04798B0904666
:103D500005460191002800F0528102F03F0603A9B8
:103D600001A83246FEF7B0FE002840F04681039BD2
:103D70004FF48C60049303F077FA0746002800F0B4
:103D80004081039B00F500720199D86004A81A6174
:103D9000FFF702FE044620B99DF95B30002BB8BF47
:103DA000062418F01C0F00F0CD80002C4CD0042C01
:103DB00040D104A8FFF724FC044600283AD146F07D
:103DC0000806039B1A78042A40F083801869294664
:103DD0002B60FFF7C3FD039B1E22002118690230F0
:103DE000FDF79EFF039C00211A2220692630FDF773
:103DF00097FF236920221A71246903F06FFA0146A4
:103E0000012208342046FEF72BF9039B04A81B6906
:103E100083F82120FFF764FA044658B9A96801B372
:103E200002462846FEF718FDAB68039A0446013B9C
:103E30005361B4B1384603F027FA0CB100232B606C
:103E4000204618B0BDE8F0879DF8163013F0110F2A
:103E500040F0848018F0040F40F0C98018F0080F7B
:103E6000AFD1039A31071399936C48BF46F04006CF
:103E7000E964AB641078042872D1069B9DF8171092
:103E80002B62089B106923F0FF030B4329466B62EA
:103E9000179BAB62FFF762FDDDF80CA00024002247
:103EA00005F15008BAF8063021464046C5F800A092
:103EB000AB80002385F8306085F831406C64C5E93B
:103EC0000E234FF40072FDF72BFFB20653D40024EB
:103ED000B0E703F003FA0146009013980E30FEF7A6
:103EE000BFF8139800991630FEF7BAF8039C13999F
:103EF0002078FFF749FD202300228046CB72204620
:103F00001399FEF7D1F8139B002201211A775A77F3
:103F10009A77DA77039BD970B8F1000FA1D04146A8
:103F200004A8D3F84890FEF797FC0446002881D1F6
:103F300049460398FEF75CFA039B044608F1FF30FC
:103F4000586176E7002C7FF475AF9DF81630DC06DB
:103F50004FD418F0020F84D0D80782D5072469E720
:103F6000FFF712FD0023A86001F11C00FEF772F8B4
:103F70006B61286190E7D5E9046956EA0903A6D088
:103F8000BAF80AA0A9684FEA4A2AC5E90E69B245FB
:103F900074EB09031BD300242964002C7FF44AAF7F
:103FA000C6F30803002B92D0039C2046FEF770F85E
:103FB00008B3760A0123414646EAC95682196A6463
:103FC000607802F0C5FC041E18BF012432E72846C1
:103FD000FEF7C6FAB6EB0A06014669F100090128A8
:103FE00003D9431CD3D10124D6E70224D4E7082403
:103FF00020E704241EE702241CE704461EE70924E8
:104000001EE711241CE700002DE9F04F994685B00A
:104010000023884603A90446C9F800301646FEF777
:1040200091F8054680BB94F831506DBB94F8303060
:1040300013F00103009300F0A68004F1500AD4E9C4
:104040000432D4E90E011B1A62EB0102B34272F191
:10405000000238BF1E46BEB1D4E90E10C1F30803FA
:10406000002B40F08280039B5A894B0A013A43EAB5
:10407000C0531A401BD151EA000309D1A06801289E
:104080000DD8022584F83150284605B0BDE8F08FE0
:10409000216C20460192FEF763FA019AEFE7431C78
:1040A00004D10123009D84F83130EDE72064DDF870
:1040B0000CB0216C5846FDF7EBFF0028E1D0B6F5B7
:1040C000007F02EB000731D3BBF80A1002EB562049
:1040D000730A88429BF8010088BF8B1A3A46414612
:1040E000019302F035FC0028DBD194F93020019BCC
:1040F000002A0BDA606CC01B984207D24FF40072A2
:10410000514608EB4020FDF7E5FD019B5F02D9F821
:104110000030F61BB8443B44C9F80030D4E90E32F5
:10412000DB1942F10002C4E90E3294E7626CBA4234
:104130001AD094F93030002B0DDA012351469BF848
:10414000010002F029FC0028ABD194F8303003F0D4
:104150007F0384F83030039801233A465146407873
:1041600002F0F6FB00289CD16764A16B4046C1F3C6
:104170000801C1F500775144B74228BF37463A4697
:10418000FDF7A8FDC3E707257EE7000070B596B0F0
:104190000E460022019002A901A8FEF795FC0446F4
:1041A000E0B94FF48C6003F05FF80546D8B1029B8C
:1041B00000F500720199D86002A81A61FFF7ECFBC4
:1041C000044640B99DF95330002B0ADB1EB131463D
:1041D00002A8FDF7EDFF284603F056F8204616B07A
:1041E00070BD0624F7E71124F8E7000070B5B8B0F9
:1041F0000222019003A901A8FEF766FC044608BB51
:10420000039B4FF48C60109303F02EF805460028B2
:1042100066D0039B00F500720199D86010A81A615E
:10422000FFF7BAFB044650B99DF88B30980655D479
:10423000190653D49DF84630DA0706D507242846D8
:1042400003F022F8204638B070BD039B0493187821
:10425000042814D104A91869FFF780FB069E9DF875
:104260004630DB0610D410A8FEF776FF044600287F
:10427000E5D156BB0398FEF7DBFB0446DFE71F9949
:10428000FFF782FB0646EAE7039BDA69B242D5D024
:1042900024930021269624A81B78042B01BFDDE976
:1042A0000823CDE928239DF817308DF89730FEF7C5
:1042B000EFF904460028C2D124A8FFF741F80446CC
:1042C0000028BBD00428BAD1CDE70246314604A865
:1042D000FEF7C2FA04460028B1D1CBE70624AEE7C8
:1042E0001124AFE7F0B5BDB0CDE900106846FDF789
:1042F0000FFF022203A901A8FEF7E6FB04460028EF
:1043000041D1039B4FF48C60149302F0ADFF05463E
:10431000002800F0EE80039B00F5007214AE0199B6
:10432000D8601A613046FFF737FB044640BB9DF862
:104330009B3013F0A00F40F0D880039B009F1A78A9
:10434000042A68D11B6904AC03F1400C18680833D7
:1043500053F8041C2246634503C21446F6D150228A
:10436000314628A8FDF7B6FC394628A8FFF714FB0C
:10437000044600284CD12A9A169B9A4206D008245B
:10438000284602F081FF20463DB0F0BD349A209BC4
:104390009A42F4D128A8FFF733F904460028EFD158
:1043A000039B04AF1B6993F801E093F823C09C8C36
:1043B0003A46083303CAB24243F8080C43F8041CD7
:1043C0001746F5D1039B28A81B6983F801E0039BDE
:1043D0001A6982F823C01A6982F82440240A82F8F4
:1043E00025401A691379D9065CBF43F02003137185
:1043F000FEF776FF04460028C2D13046FEF7ACFE39
:1044000004460028BCD10398FEF712FB0446B7E728
:104410000428B5D1BEE7239A04AB02F1200C106842
:10442000083252F8041C1C46624503C42346F6D1E8
:104430005022314628A8FDF74DFC394628A8FFF741
:10444000ABFA044600284CD12A9A169B9A4296D180
:10445000349A209B9A4292D128A8FFF7D1F80446BB
:1044600000288DD137990DF11D030DF12D0001F1BB
:104470000D0253F8044B834242F8044BF9D11888DB
:10448000012710809B7893709DF81B30039CDA06FF
:1044900058BF43F02003CB72E770CB7ADB06ACD574
:1044A000169A2A9B9A42A8D02078FFF76DFA014607
:1044B0002046FDF7EDFD0146C8B12046FDF798FF07
:1044C000044600287FF45CAF039890F86D302E2BE3
:1044D00093D12A9A00F16C01FDF7E6FD039BDF7092
:1044E0008BE704287FF44CAFB6E7062448E70224A4
:1044F00046E7112447E700007F2810B501D880B2B5
:1045000010BDB0F5803F13D240F2523399420FD123
:104510000849002231F8024B93B2844203D103F1DF
:104520008000C0B2ECE70132802AF3D11346F6E7EF
:104530000020E5E7809600087F280DD940F252332D
:10454000994208D1FF2806D800F10040034B80387B
:1045500033F8100070470020704700BF80960008B5
:10456000B0F5803FF0B522D21F4A83B21F49B0F5A3
:10457000805F28BF0A46141D34F8042C2146AAB1D6
:10458000934213D334F8025C2E0AEFB252FA85F547
:10459000A84222DA082E09D8DFE806F0050A101230
:1045A0001416181A1C00801A34F810301846F0BD82
:1045B000981A00F001001B1A9BB2F7E7103BFBE7CB
:1045C000203BF9E7303BF7E71A3BF5E70833F3E721
:1045D000503BF1E7A3F5E353EEE70434002ECBD1D3
:1045E00001EB4702C7E700BFD0930008C49500085D
:1045F00008B5074B074A196801F03D0199605368F7
:104600000BB190689847BDE8084003F0A1B800BF1F
:10461000000002404436002008B5084B196889099B
:1046200001F03D018A019A60054AD3680BB1106917
:104630009847BDE8084003F08BB800BF0000024077
:104640004436002008B5084B1968090C01F03D01FB
:104650000A049A60054A53690BB190699847BDE80E
:10466000084003F075B800BF000002404436002047
:1046700008B5084B1968890D01F03D018A059A605B
:10468000054AD3690BB1106A9847BDE8084003F0AA
:104690005FB800BF000002404436002008B5074B59
:1046A000074A596801F03D01D960536A0BB1906A1D
:1046B0009847BDE8084003F04BB800BF0000024037
:1046C0004436002008B5084B5968890901F03D01BE
:1046D0008A01DA60054AD36A0BB1106B9847BDE8CE
:1046E000084003F035B800BF000002404436002007
:1046F00008B5084B5968090C01F03D010A04DA605D
:10470000054A536B0BB1906B9847BDE8084003F026
:104710001FB800BF000002404436002008B5084B17
:104720005968890D01F03D018A05DA60054AD36BAD
:104730000BB1106C9847BDE8084003F009B800BF02
:10474000000002404436002008B5074B074A1968AC
:1047500001F03D019960536C0BB1906C9847BDE836
:10476000084002F0F5BF00BF0004024044360020BC
:1047700008B5084B1968890901F03D018A019A6062
:10478000054AD36C0BB1106D9847BDE8084002F0A4
:10479000DFBF00BF000402404436002008B5084BCC
:1047A0001968090C01F03D010A049A60054A536D2D
:1047B0000BB1906D9847BDE8084002F0C9BF00BF3B
:1047C000000402404436002008B5084B1968890DE2
:1047D00001F03D018A059A60054AD36D0BB1106E58
:1047E0009847BDE8084002F0B3BF00BF0004024094
:1047F0004436002008B5074B074A596801F03D01CF
:10480000D960536E0BB1906E9847BDE8084002F036
:104810009FBF00BF000402404436002008B5084B8B
:104820005968890901F03D018A01DA60054AD36EB1
:104830000BB1106F9847BDE8084002F089BF00BF78
:10484000000402404436002008B5084B5968090CA2
:1048500001F03D010A04DA60054A536F0BB1906F15
:104860009847BDE8084002F073BF00BF0004024053
:104870004436002008B5084B5968890D01F03D0108
:104880008A05DA60054AD36F13B1D2F880009847E1
:10489000BDE8084002F05CBF00040240443600203E
:1048A00000230C4910B51A460B4C0B6054F823003A
:1048B000026001EB430004334260402BF6D1074A0B
:1048C0004FF0FF339360D360C2F80834C2F80C3461
:1048D00010BD00BF44360020809700080000024051
:1048E0000F28F8B510D9102810D0112811D012288F
:1048F00008D10F240720DFF8B4E00126DEF80050CD
:10490000A04208D9002649E00446F4E70F2400201D
:10491000F1E70724FBE706FA00F73D4240D1214CBE
:104920004FEA001C3D4304EB00160EEBC000CEF82E
:104930000050C0E90123FBB24BB11B48836B43F02D
:1049400001038363036E43F001030366036E17F4F0
:104950007F4F09D01448836B43F002038363036ED7
:1049600043F002030366036E54F80C00036823F05F
:104970001F030360056815F00105FBD104EB0C0370
:104980003D2493F80CC05F6804FA0CF43C602124C9
:104990000560446112B1987B00F0B4FC3046F8BD6C
:1049A0000130ADE7809700080045025844360020EA
:1049B00010B5302484F31188FFF792FF002383F3AE
:1049C000118810BD10B50446807B00F0B1FC0123B6
:1049D0001049627B03FA02F20B6823EA0203DAB29F
:1049E0000B604AB90C4A916B21F001019163116E81
:1049F00021F001011166126E13F47F4F09D1064BAD
:104A00009A6B22F002029A631A6E22F002021A6670
:104A10001B6E10BD443600200045025808B53023F7
:104A200083F31188FFF7CEFF002383F3118808BDBD
:104A3000836CC26A8B42506810B506D95A1E4C006E
:104A400002EB4103B3FBF4F3184410BD01F0010382
:104A50008A0748BF43F002034A0748BF43F00803F0
:104A60000A0748BF43F00403CA0648BF43F01003D7
:104A70008A06426B48BF43F02003134343637047E9
:104A800010B5074C204600F0BFFF064B0022C4E9DA
:104A90001023054BA364054BE363054BE36410BD92
:104AA000C83600200070005200B4C4041C37002037
:104AB0001C390020C36A0BB90E4BC3620379012B6A
:104AC0000CD10D4B984209D10C4B5A6B42F48032F9
:104AD0005A63DA6D42F48032DA65DB6D436C002292
:104AE0001A65DA621A605A605A624FF0FF329A63AE
:104AF000704700BF80980008C83600200045025863
:104B00000379012B16D0436C00221A65DA621A6011
:104B10005A605A624FF0FF329A63074B984209D1AC
:104B2000064B5A6B22F480325A63DA6D22F48032DB
:104B3000DA65DB6D704700BFC836002000450258BB
:104B400010B5446C0649FFF773FF6060236842F2BA
:104B5000107043F003032360BDE8104001F05ABD1C
:104B6000801A06000129F8B5466C0B4F09D175680B
:104B70000A493D40FFF75CFF054345F480557560E9
:104B8000F8BD746806493C40FFF752FF044344F403
:104B900080547460F4E700BF00ECFFFF80F0FA027D
:104BA00040787D01436C00225A601A607047000013
:104BB000426C0129536823F4404304D0022905D0F4
:104BC00001B95360704743F48043FAE743F400436C
:104BD000F7E70000436C41F480519A60D9605A6B4A
:104BE0001206FCD580229A637047000010B541F48C
:104BF0008851446CA260E160616B11F04502FBD00A
:104C0000A26311F0040203D0FFF720FF012010BDC2
:104C1000616910461960FAE710B541F48851446C97
:104C2000A260E160616B11F04502FBD0A26311F05C
:104C3000050203D0FFF70AFF012010BD616910468D
:104C40001960FAE773B5134604460E46302282F324
:104C50001188426CD26B32B14FF0FF31403001937A
:104C600001F0E4FC019B606C00220265C263C26239
:104C7000456B15F4807504D185F31188012002B0CD
:104C800070BD4FF0FF31816382F31188012E06D988
:104C90000C21204602B0BDE87040FFF7BDBF1046B2
:104CA000EDE7000073B5446C0E4600250192616B80
:104CB000A1632565E562FFF7C9FE012E07D9019BB7
:104CC0002A460C2102B0BDE87040FFF7A5BF02B034
:104CD00070BD000010B541F49851446CA260E160D1
:104CE000616B11F04502FBD0A26311F03F0203D0CB
:104CF000FFF7ACFE012010BD216A10461960E16982
:104D00005960A16999606169D960F4E72DE9F743B9
:104D100004460191006D01A91746984602F040FC37
:104D2000064600284AD0626C2046DDF8049055689B
:104D3000C5F3090501356B00A56CB5FBF3F54FF420
:104D40007A73B5FBF3F55D43556200F023FE50BB6B
:104D5000636C4FF0FF3201254146C3F8589020465E
:104D60001D659A634FF49572DA6342F207029F62FF
:104D7000DA62E36C0A9AFFF74FFFA0B9E26C104BBE
:104D800011680B407BB929462046FFF75BFF0546BB
:104D900048B92E463A460199206D02F039FC30465A
:104DA00003B0BDE8F0833A460199206D02F030FC73
:104DB000E26C01212046FFF775FFF0E70126EEE7E0
:104DC00008E0FFFD2DE9F7431F46436C01924FF4C5
:104DD0007A725D6804468846C5F3090501356E00A0
:104DE000856CB5FBF6F5B5FBF2F555435D6200F059
:104DF000D1FD20B10125284603B0BDE8F0837E0235
:104E000001A9206D324602F0CBFB05460028F1D007
:104E1000636C019AD4F84C909A6501221A654FF0A0
:104E2000FF329A634FF49572DA639E62236BDB065E
:104E30004B4658BF4FEA4828012F42461BD9122142
:104E40002046FFF7E9FEC0B9D9F80020104B134007
:104E50009BB9636C42F2930239462046DA62E26CF7
:104E6000FFF7F0FE804640B932460199206D454675
:104E700002F0CEFBBFE71121E2E732460199206D37
:104E800002F0C6FBE26C39462046FFF70BFFB2E7A3
:104E900008E0FFFD2DE9F3411F46436C01924FF4FA
:104EA0007A725D6804468846C5F3090501356E00CF
:104EB000856CB5FBF6F5B5FBF2F555435D6200F088
:104EC00069FD20B10125284602B0BDE8F0817E02CF
:104ED00001A9206D324602F0A9FB05460028F1D059
:104EE000636C019A9A6501221A654FF0FF329A634A
:104EF0004FF48D72DA639E62236BE66CDB063346F9
:104F000058BF4FEA4828012F424619D91921204697
:104F1000FFF782FEB0B932680F4B134093B9636C50
:104F200042F2910239462046DA62E26CFFF78AFECD
:104F3000064638B901993546206D02F0B3FBC2E749
:104F40001821E4E70199206D02F0ACFBE26C3946D0
:104F50002046FFF7A7FEB6E708E0FFFD12F0030FBB
:104F60002DE9F04107460C4615461E4617D00E4463
:104F7000B44202D10020BDE8F0810123FA6B214642
:104F80003846FFF71FFF0028F5D128464FF400727E
:104F9000F96B05F500750134FCF79CFEE8E7BDE808
:104FA000F041FFF70FBF000012F0030F2DE9F041B1
:104FB00007460C4615461E4617D00E44B44202D191
:104FC0000020BDE8F08129464FF40072F86B05F52A
:104FD0000075FCF77FFE0123FA6B21463846FFF788
:104FE00059FF0028EDD10134E8E7BDE8F041FFF7B3
:104FF00051BF000000207047302310B583F31188A3
:105000000024436C40302146DC6301F01DFB84F337
:10501000118810BD026843681143016003B118474D
:1050200070470000024A136843F0C00313607047E2
:1050300000440040024A136843F0C0031360704705
:1050400000480040024A136843F0C00313607047F1
:1050500000780040044B9A6C02439A641A6F104324
:1050600018671B6F704700BF0045025837B5274CC3
:10507000274D204600F028FD04F114000094002381
:105080004FF40072234900F0C3F94FF40072224933
:1050900004F138000094214B00F03CFA204BC4E9A5
:1050A0001735204C204600F00FFD04F11400009449
:1050B00000234FF400721C4900F0AAF94FF400726B
:1050C0001A4904F138000094194B00F023FA194BE7
:1050D000C4E91735184C204600F0F6FC04F1140022
:1050E00000234FF400721549009400F091F9144B1D
:1050F0004FF40072134904F13800009400F00AFAEA
:10510000114BC4E9173503B030BD00BF2039002072
:1051100000E1F505643A00206440002025500008B5
:10512000004400408C390020643C00206442002090
:105130003550000800480040F8390020643E002047
:1051400045500008644400200078004038B5264DE2
:105150000446037C002918BF0D46012B06D1234BC2
:10516000984230D14FF40030FFF774FF2A68236E65
:10517000E16D03EB5203A566B3FBF2F36A6810041A
:1051800042BF23F0070003F0070343EA4003CB606C
:10519000AB6843F040034B60EB6843F001038B6066
:1051A00042F4967343F001030B604FF0FF330B6240
:1051B000510505D512F0102211D0B2F1805F10D048
:1051C00084F8643038BD0A4B984205D0094B9842A8
:1051D000CCD14FF08040C7E74FF48020C4E77F2355
:1051E000EEE73F23ECE700BF889800082039002055
:1051F0008C390020F83900202DE9F047C66D0546AE
:105200003768F469210734621AD014F0080118BF16
:105210004FF48071E20748BF41F02001A3074FF02F
:10522000300348BF41F04001600748BF41F08001B2
:1052300083F31188281DFFF7EDFE002383F3118807
:10524000E2050AD5302383F311884FF48061281DCD
:10525000FFF7E0FE002383F311884FF030094FF091
:10526000000A14F0200838D13B0616D54FF030095B
:1052700005F1380A200610D589F31188504600F050
:105280007DF9002836DA0821281DFFF7C3FE27F034
:1052900080033360002383F31188790614D56206F6
:1052A00012D5302383F31188D5E913239A4208D10C
:1052B0002B6C33B127F040071021281DFFF7AAFE01
:1052C0003760002383F31188E30618D5AA6E1369AB
:1052D000ABB15069BDE8F047184789F31188736A8C
:1052E000284695F86410194000F008FC8AF31188EC
:1052F000F469B6E7B06288F31188F469BAE7BDE8EB
:10530000F0870000090100F16043012203F56143C9
:10531000C9B283F8001300F01F039A4043099B00B1
:1053200003F1604303F56143C3F880211A607047BD
:1053300000F01F0301229A40430900F160409B00E6
:1053400000F5614003F1604303F56143C3F8802039
:10535000C3F88021002380F800337047F8B5154664
:10536000826804460B46AA4200D28568A169266974
:10537000761AB5420BD218462A46FCF7ABFCA36955
:105380002B44A3612846A3685B1BA360F8BD0CD91E
:10539000AF1B18463246FCF79DFC3A46E1683044A4
:1053A000FCF798FCE3683B44EBE718462A46FCF719
:1053B00091FCE368E5E7000083689342F7B5044693
:1053C000154600D28568D4E90460361AB5420BD27E
:1053D0002A46FCF77FFC63692B4463612846A36877
:1053E0005B1BA36003B0F0BD0DD93246AF1B01912A
:1053F000FCF770FC01993A46E0683144FCF76AFC1E
:10540000E3683B44E9E72A46FCF764FCE368E4E729
:1054100010B50A440024C361029B8460C16002612C
:105420000362C0E90000C0E9051110BD08B5D0E96C
:105430000532934201D1826882B98268013282606A
:105440005A1C426119700021D0E904329A4224BFEB
:10545000C368436101F012F9002008BD4FF0FF302E
:10546000FBE7000070B5302304460E4683F3118835
:10547000A568A5B1A368A269013BA360531CA36101
:1054800015782269934224BFE368A361E3690BB1F5
:1054900020469847002383F31188284607E03146C9
:1054A000204601F0DBF80028E2DA85F3118870BDB0
:1054B0002DE9F74F04460E4617469846D0F81C9043
:1054C0004FF0300A8AF311884FF0000B154665B192
:1054D0002A4631462046FFF741FF034660B9414660
:1054E000204601F0BBF80028F1D0002383F3118897
:1054F000781B03B0BDE8F08FB9F1000F03D0019025
:105500002046C847019B8BF31188ED1A1E448AF38D
:105510001188DCE7C160C361009B82600362C0E95F
:1055200005111144C0E9000001617047F8B5044657
:105530000D461646302383F31188A768A7B1A368E8
:10554000013BA36063695A1C62611D70D4E9043297
:105550009A4224BFE3686361E3690BB12046984730
:10556000002080F3118807E03146204601F076F8EC
:105570000028E2DA87F31188F8BD0000D0E905239E
:1055800010B59A4201D182687AB98268002101324D
:1055900082605A1C82611C7803699A4224BFC368E6
:1055A000836101F06BF8204610BD4FF0FF30FBE740
:1055B0002DE9F74F04460E4617469846D0F81C9042
:1055C0004FF0300A8AF311884FF0000B154665B191
:1055D0002A4631462046FFF7EFFE034660B94146B2
:1055E000204601F03BF80028F1D0002383F3118816
:1055F000781B03B0BDE8F08FB9F1000F03D0019024
:105600002046C847019B8BF31188ED1A1E448AF38C
:105610001188DCE70379052B05BF836A0020012090
:105620004B6004BF4FF400730B60704770B55D1E94
:10563000866A04460D44B54205D9436B43F08003A6
:105640004363012070BD06250571FFF787FC052324
:105650002371F7E770B55D1E866A04460D44B542B6
:1056600005D9436B43F080034363012070BD0725D8
:105670000571FFF799FC05232371F7E738B5057924
:105680000446052D05D108230371FFF7B3FC2571EE
:1056900038BD0120FCE700000323F0B5037185B09D
:1056A0000446FFF74DFA002220461146FFF792FA12
:1056B0004FF4D57203AB08212046FFF7ADFA02463E
:1056C000B8B901232363039BC3F30323012B09D13F
:1056D00003AB37212046FFF79FFA18B9A44B039A72
:1056E0001340ABB120460125FFF75CFA022323717A
:1056F00037E103AB002237212046FFF78DFA28B9A6
:105700009B4A039B1A40002A00F0A78002232363D0
:10571000236B03F00F03022B40F0A9806425954E04
:1057200042F2107000F076FF03AB324601212046B2
:10573000FFF75CFA0028D5D1039B002B80F2938001
:105740005A0003D5236B43F010032363002204F1B6
:10575000080302212046FFF7BDFA02460028C1D106
:1057600004F1380303212046FFF756FA0028B9D187
:1057700004F11805A26B092120462B46FFF7AAFA6F
:105780000028AFD102ABA26B07212046FFF744FAF5
:1057900006460028A6D1236B03F00F03022B40F02E
:1057A0008F807E227F21284603F02EFA012840F2C6
:1057B0008780E76B42F2107000F02CFF08234FF453
:1057C0000072394620460096FFF7A0FA002889D1DA
:1057D000384603F067FA236BA06203F00F03022B35
:1057E00072D103AB644A06212046FFF715FA002860
:1057F00071D15F49039B1940B1FA81F149092046F3
:10580000FFF7B0F902AB4FF4007210212046FFF70A
:1058100003FA054600287FF465AF554E029B3342DC
:105820007FF460AF236B13F00E0F03F00F0273D001
:10583000022A7FF457AFE36A1978012900F09480B7
:10584000022900F09380002900F089804B4F204608
:10585000FFF7AEF903AB3A4676E0114620462263E5
:10586000FFF7B8F954E7013D7FF45AAF3AE7444DEA
:105870006426444A3E4F012B18BF154603AB002255
:1058800037212046FFF7C8F900287FF42BAF039B90
:105890003B427FF427AF03AB2A4629212046FFF77E
:1058A000A5F900287FF41EAF039B002BFFF648AF3D
:1058B000013E3FF417AF42F2107000F0ABFEDDE79F
:1058C000284603F0C3F986E77E227F212846E66B4F
:1058D00003F09AF908B9002191E7002340223146EC
:1058E000204600930623FFF711FA0028F3D1B3896D
:1058F0005BBA9B07EFD5244B4022314620460093EC
:105900000623FFF703FA0028E5D1317C01F00F01EF
:105910000F3918BF012172E7E36A1978F9B101293B
:105920007FF4E0AE2046FFF743F903ABA26B3721CB
:105930002046FFF771F900287FF4D4AE039B334271
:105940007FF4D0AE03AB022206212046FFF764F9B4
:1059500000287FF4C7AE039B33427FF4C3AE052318
:105960002371284605B0F0BD084F70E7084F6EE779
:1059700008E0FFFD0080FFC00001B9030000B7038D
:105980000080FF5000001080F1FFFF800001B7038E
:105990000002B70337B504460C4D01ABA26B0D21D5
:1059A0002046FFF739F978B9019B2B420BD1C3F39D
:1059B0004323042B08D0053B022B04D84FF47A7004
:1059C00000F028FEE9E7012003B030BD08E0FFFD4C
:1059D00070B53023054683F3118803790024022B28
:1059E00003D184F31188204670BD0423037184F32E
:1059F00011880226FFF7CEFF04462846FFF7D2F8AB
:105A00002E71F0E7FFF73CB8044B036001230371EC
:105A100000234363C0E90A33704700BFA098000821
:105A200010B53023044683F31188C162FFF742F8B2
:105A300002230020237180F3118810BD10B530239C
:105A4000044683F31188FFF75BF800230122E36229
:105A5000227183F3118810BD02684368114301600D
:105A600003B11847704700001430FFF721BD000054
:105A70004FF0FF331430FFF71BBD00003830FFF745
:105A800097BD00004FF0FF333830FFF791BD0000A5
:105A90001430FFF7E7BC00004FF0FF311430FFF780
:105AA000E1BC00003830FFF741BD00004FF0FF328D
:105AB0003830FFF73BBD0000012914BF6FF0130021
:105AC00000207047FFF7D2BA044B03600023436005
:105AD000C0E9023301230374704700BFC498000873
:105AE00010B53023044683F31188FFF72FFB022300
:105AF0000020237480F3118810BD000038B5C369FD
:105B000004460D461BB904210844FFF7A5FF2946AA
:105B100004F11400FFF78AFC002806DA201D4FF478
:105B20000061BDE83840FFF797BF38BD02684368A1
:105B30001143016003B118477047000013B5406B73
:105B400000F58054D4F8A4381A681178042914D1C7
:105B5000017C022911D11979012312898B4013424A
:105B60000BD101A94C3002F07DFFD4F8A4480246C5
:105B7000019B2179206800F0DFF902B010BD000020
:105B8000143002F0FFBE00004FF0FF33143002F07B
:105B9000F9BE00004C3002F0D1BF00004FF0FF33DF
:105BA0004C3002F0CBBF0000143002F0CDBE00003C
:105BB0004FF0FF31143002F0C7BE00004C3002F04D
:105BC0009DBF00004FF0FF324C3002F097BF000045
:105BD0000020704710B500F58054D4F8A4381A6836
:105BE0001178042917D1017C022914D15979012394
:105BF00052898B4013420ED1143002F05FFE0246F0
:105C000048B1D4F8A4484FF4407361792068BDE8E6
:105C1000104000F07FB910BD406BFFF7DBBF000004
:105C2000704700007FB5124B01250426044603602F
:105C30000023057400F1840243602946C0E9023361
:105C40000C4B0290143001934FF44073009602F015
:105C500011FE094B04F69442294604F14C000294CB
:105C6000CDE900634FF4407302F0D8FE04B070BD7C
:105C7000EC980008195C00083D5B00080A683023B6
:105C800083F311880B790B3342F823004B791333DC
:105C900042F823008B7913B10B3342F8230000F54F
:105CA0008053C3F8A41802230374002080F31188E2
:105CB0007047000038B5037F044613B190F85430A4
:105CC000ABB90125201D0221FFF730FF04F11400BC
:105CD0006FF00101257700F0DDFC04F14C0084F841
:105CE00054506FF00101BDE8384000F0D3BC38BD1E
:105CF00010B5012104460430FFF718FF0023237775
:105D000084F8543010BD000038B504460025143026
:105D100002F0C8FD04F14C00257702F097FE201D2B
:105D200084F854500121FFF701FF2046BDE83840B8
:105D3000FFF750BF90F8803003F06003202B06D1AE
:105D400090F881200023212A03D81F2A06D800209A
:105D50007047222AFBD1C0E91D3303E0034A4267A2
:105D600007228267C3670120704700BF44220020DA
:105D700037B500F58055D5F8A4381A68117804298C
:105D80001AD1017C022917D11979012312898B407C
:105D9000134211D100F14C04204602F017FF58B114
:105DA00001A9204602F05EFED5F8A4480246019BF8
:105DB0002179206800F0C0F803B030BD01F10B0379
:105DC000F0B550F8236085B004460D46FEB130238F
:105DD00083F3118804EB8507301D0821FFF7A6FE29
:105DE000FB6806F14C005B691B681BB1019002F077
:105DF00047FE019803A902F035FE024648B1039B15
:105E00002946204600F098F8002383F3118805B056
:105E1000F0BDFB685A691268002AF5D01B8A013B65
:105E20001340F1D104F18002EAE70000133138B5E4
:105E300050F82140ECB1302383F3118804F58053EE
:105E4000D3F8A4281368527903EB8203DB689B69BB
:105E50005D6845B104216018FFF768FE294604F12A
:105E6000140002F035FD2046FFF7B4FE002383F353
:105E7000118838BD7047000001F064BD0123402245
:105E8000002110B5044600F8303BFBF749FF002322
:105E9000C4E9013310BD000010B53023044683F37C
:105EA00011882422416000210C30FBF739FF204685
:105EB00001F06AFD02230020237080F3118810BDD9
:105EC00070B500EB8103054650690E461446DA6052
:105ED00018B110220021FBF723FFA06918B110228E
:105EE0000021FBF71DFF31462846BDE8704001F058
:105EF0004BBE000083682022002103F0011310B57F
:105F0000044683601030FBF70BFF2046BDE81040CD
:105F100001F0C6BEF0B4012500EB810447898D4035
:105F2000E4683D43A469458123600023A260636067
:105F3000F0BC01F0E3BE0000F0B4012500EB8104E9
:105F400007898D40E4683D4364690581236000232F
:105F5000A2606360F0BC01F059BF000070B502237D
:105F600000250446242203702946C0F888500C30CE
:105F700040F8045CFBF7D4FE204684F8705001F032
:105F800097FD63681B6823B129462046BDE8704031
:105F9000184770BD0378052B10B504460AD080F869
:105FA0008C300523037043681B680BB104219847AC
:105FB0000023A36010BD00000178052906D190F8E8
:105FC0008C20436802701B6803B1184770470000BB
:105FD00070B590F87030044613B1002380F870302B
:105FE00004F18002204601F07FFE63689B68B3B92C
:105FF00094F8803013F0600535D00021204602F07F
:1060000071F90021204602F061F963681B6813B141
:10601000062120469847062384F8703070BD20463C
:1060200098470028E4D0B4F88630A26F9A4288BF1F
:10603000A36794F98030A56F002B4FF0300380F2F6
:106040000381002D00F0F280092284F8702083F390
:10605000118800212046D4E91D23FFF76DFF00239E
:1060600083F31188DAE794F8812003F07F0343EA91
:10607000022340F20232934200F0C58021D8B3F5EA
:10608000807F48D00DD8012B3FD0022B00F09380A9
:10609000002BB2D104F1880262670222A267E36793
:1060A000C1E7B3F5817F00F09B80B3F5407FA4D1B9
:1060B00094F88230012BA0D1B4F8883043F0020369
:1060C00032E0B3F5006F4DD017D8B3F5A06F31D0E3
:1060D000A3F5C063012B90D86368204694F8822012
:1060E0005E6894F88310B4F88430B047002884D0F8
:1060F000436863670368A3671AE0B3F5106F36D08F
:1061000040F6024293427FF478AF5C4B6367022310
:10611000A3670023C3E794F88230012B7FF46DAFAF
:10612000B4F8883023F00203A4F88830C4E91D5580
:10613000E56778E7B4F88030B3F5A06F0ED194F836
:106140008230204684F88A3001F010FD63681B68B5
:1061500013B1012120469847032323700023C4E98B
:106160001D339CE704F18B0363670123C3E72378A6
:10617000042B10D1302383F311882046FFF7BAFE99
:1061800085F311880321636884F88B5021701B68A4
:106190000BB12046984794F88230002BDED084F86B
:1061A0008B300423237063681B68002BD6D0022138
:1061B00020469847D2E794F8843020461D0603F025
:1061C0000F010AD501F082FD012804D002287FF4D6
:1061D00014AF2B4B9AE72B4B98E701F069FDF3E7DF
:1061E00094F88230002B7FF408AF94F8843013F0D9
:1061F0000F01B3D01A06204602D502F08BF8ADE7A6
:1062000002F07CF8AAE794F88230002B7FF4F5AE18
:1062100094F8843013F00F01A0D01B06204602D55D
:1062200002F060F89AE702F051F897E7142284F838
:10623000702083F311882B462A4629462046FFF713
:1062400069FE85F31188E9E65DB1152284F87020B6
:1062500083F3118800212046D4E91D23FFF75AFE5D
:10626000FDE60B2284F8702083F311882B462A4622
:1062700029462046FFF760FEE3E700BF1C990008AF
:10628000149900081899000838B590F87030044641
:10629000002B3ED0063BDAB20F2A34D80F2B32D86F
:1062A000DFE803F037313108223231313131313119
:1062B00031313737856FB0F886309D4214D2C368CC
:1062C0001B8AB5FBF3F203FB12556DB9302383F340
:1062D00011882B462A462946FFF72EFE85F31188A2
:1062E0000A2384F870300EE0142384F870303023D1
:1062F00083F31188002320461A461946FFF70AFE49
:10630000002383F3118838BDC36F03B1984700237E
:10631000E7E70021204601F0E5FF0021204601F0DB
:10632000D5FF63681B6813B10621204698470623F2
:10633000D7E7000010B590F870300446142B29D030
:1063400017D8062B05D001D81BB110BD093B022B75
:10635000FBD80021204601F0C5FF0021204601F0B6
:10636000B5FF63681B6813B10621204698470623D2
:1063700019E0152BE9D10B2380F87030302383F31B
:10638000118800231A461946FFF7D6FD002383F330
:106390001188DAE7C3689B695B68002BD5D1C36FAE
:1063A00003B19847002384F87030CEE70023826859
:1063B00080F8243083691B6899689142FBD25A683F
:1063C00003604260106058607047000000238268DC
:1063D00080F8243083691B6899689142FBD85A6819
:1063E00003604260106058607047000008B50846BE
:1063F000302383F3118891F82430032B05D0042B2C
:106400000DD02BB983F3118808BD8B6A00221A6066
:106410004FF0FF338362FFF7C9FF0023F2E7D1E9B2
:10642000003213605A60F3E7034610B51B689842C8
:1064300003D09C688A689442F8D25A680B604A601C
:106440001160596010BD0000FFF7B0BF064BD9685E
:1064500081F824001868026853601A600122D8602D
:1064600080F82420F9F7CEBF684600200C4B30B5E9
:10647000DD684B1C87B004460FD02B46094A68469E
:1064800000F09CF92046FFF7E1FF009B13B168463E
:1064900000F09EF9A86A07B030BDFFF7D7FFF9E713
:1064A00068460020ED630008044B1A68DB689068BA
:1064B0009B68984294BF00200120704768460020E6
:1064C000094B10B51C68D868226853601A60012215
:1064D000DC6084F82420FFF779FF01462046BDE800
:1064E0001040F9F78FBF00BF68460020044B1A68C0
:1064F000DB6892689B689A4201D9FFF7E1BF704759
:106500006846002038B50123084C002523706560DB
:1065100002F0F6FB02F01CFC0549064802F0F2FC12
:106520000223237085F3118838BD00BF1049002075
:10653000249900086846002000F080B9034A516899
:1065400053685B1A9842FBD8704700BF001000E008
:106550008B604B630023CA6100F128020B630223A6
:106560000A618B840123886181F8263001F11003D0
:10657000C26A4A611360C36201F12C030846CB6210
:1065800070470000D0E90131026841F8183CA1F1E0
:106590009C033839CB60036941F8243C436941F8D6
:1065A000203C034B41F8043CC3680248FFF7D0BFCE
:1065B0001D0400086846002008B5FFF7E3FFBDE8AA
:1065C0000840FFF741BF000038B50E4BDC6804F10E
:1065D0002C05A062E06AA8420FD194F826303BB99E
:1065E00094F825309B0702BFD4E9043213605A6047
:1065F0000F20BDE83840FFF729BF0368E362FFF7CB
:1066000023FFE7E768460020302383F31188FFF774
:10661000DBBF000008B50146302383F31188082052
:10662000FFF724FF002383F3118808BD054BDB68C7
:1066300021B1036098620320FFF718BF4FF0FF30CD
:10664000704700BF6846002003682BB1002202603B
:1066500018469962FFF7F8BE70470000064BDB68EA
:1066600039B1426818605A60136043600420FFF734
:10667000FDBE4FF0FF307047684600200368984227
:1066800006D01A680260506018469962FFF7DCBEB7
:106690007047000038B504460D462068844200D19A
:1066A00038BD036823605C608562FFF7CDFEF4E7C8
:1066B000036810B59C68A2420CD85C688A600B60C5
:1066C0004C602160596099688A1A9A604FF0FF33D4
:1066D000836010BD121B1B68ECE700000A2938BF5D
:1066E0000A2170B504460D460A26601902F002FB25
:1066F00002F0EAFA041BA54203D8751C04462E4694
:10670000F3E70A2E04D90120BDE8704002F0C2BCB4
:1067100070BD0000F8B5144B0D460A2A4FF00A0769
:10672000D96103F11001826038BF0A224160196902
:106730001446016048601861A81802F0CBFA02F014
:10674000C3FA431B0646A34206D37C1C28192746DE
:10675000354602F0CFFAF2E70A2F04D90120BDE84E
:10676000F84002F097BCF8BD68460020F8B5064630
:106770000D4602F0A9FA0F4A134653F8107F9F42C4
:1067800006D12A4601463046BDE8F840FFF7C2BFB1
:10679000D169BB68441A2C1928BF2C46A34202D9E0
:1067A0002946FFF79BFF224631460348BDE8F840E3
:1067B000FFF77EBF6846002078460020C0E903232B
:1067C000002310B45DF8044B4361FFF7CFBF000016
:1067D00010B5194C236998420DD08168D0E9003278
:1067E00013605A609A680A449A60002303604FF06D
:1067F000FF33A36110BD0268234643F8102F536096
:106800000022026022699A4203D1BDE8104002F0E2
:106810006BBA936881680B44936002F055FA226961
:10682000E1699268441AA242E4D91144BDE81040DB
:10683000091AFFF753BF00BF684600202DE9F04753
:10684000DFF8BC8008F110072C4ED8F8105002F089
:106850003BFAD8F81C40AA68031B9A423ED814445D
:106860004FF00009D5E90032C8F81C4013605A60A7
:10687000C5F80090D8F81030B34201D102F034FAD4
:1068800089F31188D5E9033128469847302383F3EB
:1068900011886B69002BD8D002F016FA6A69A0EB58
:1068A000040982464A450DD2022002F0F3FB002281
:1068B000D8F81030B34208D151462846BDE8F04719
:1068C000FFF728BF121A2244F2E712EB0909294602
:1068D000384638BF4A46FFF7EBFEB5E7D8F8103028
:1068E000B34208D01444C8F81C00211AA960BDE8BE
:1068F000F047FFF7F3BEBDE8F08700BF7846002001
:106900006846002038B502F0DFF9054AD2E90845AB
:10691000031B181945F10001C2E9080138BD00BF89
:106920006846002010B560B9074804790368053C43
:106930009B6818BF0124984708B144F0040420461E
:1069400010BD0124FBE700BFC8360020FFF7EABFF7
:106950002DE9F047884617469A460446B0B90D4ED1
:106960003579052D05D003240DE0013D15F0FF0517
:106970000ED03268534639463046D2F8149042461B
:10698000C8470028F1D12046BDE8F0870424FAE783
:106990000124F8E7C83600202DE9F047884617465D
:1069A0009A460446B0B90D4E3579052D05D003241D
:1069B0000DE0013D15F0FF050ED032685346394613
:1069C0003046D2F818904246C8470028F1D12046F8
:1069D000BDE8F0870424FAE70124F8E7C836002070
:1069E00037B50C46154670B951B101290BD107488E
:1069F000694603681B6A984710B9019B04462B60DF
:106A0000204603B030BD0424FAE700BFC83600209A
:106A100000207047FEE70000704700004FF0FF3095
:106A2000704700004B6843608B688360CB68C3602D
:106A30000B6943614B6903628B6943620B680360B6
:106A40007047000008B53C4B40F2FF713B48D3F85B
:106A500088200A43C3F88820D3F8882022F4FF62F4
:106A600022F00702C3F88820D3F88830344B1A6C20
:106A70000A431A649A6E0A439A66324A9B6E11461A
:106A8000FFF7D0FF00F5806002F11C01FFF7CAFF9D
:106A900000F5806002F13801FFF7C4FF00F5806067
:106AA00002F15401FFF7BEFF00F5806002F17001B2
:106AB000FFF7B8FF00F5806002F18C01FFF7B2FF2D
:106AC00000F5806002F1A801FFF7ACFF00F58060DF
:106AD00002F1C401FFF7A6FF00F5806002F1E001BA
:106AE000FFF7A0FF00F5806002F1FC01FFF79AFFBD
:106AF00002F58C7100F58060FFF794FF01F09EFCB9
:106B0000114BD3F8902242F00102C3F89022D3F83F
:106B1000942242F00102C3F894220522C3F898207F
:106B20004FF06052C3F89C20084AC3F8A020BDE88B
:106B3000084000F0F5BC00BF0044025800000258B5
:106B4000004502583899000800ED00E01F000803D6
:106B500008B501F07BFEFFF7D5FC0D4BDA6B42F078
:106B60004002DA635A6E22F040025A665B6E094BAD
:106B70001A6842F008021A601A6842F004021A60A9
:106B800000F098FD00F034FBBDE8084000F0B4B818
:106B90000045025800180248012070470020704745
:106BA0007047000002290CD0032904D001290748AE
:106BB00018BF00207047032A05D8054800EBC20023
:106BC0007047044870470020704700BF3C9B000896
:106BD00054220020F09A000870B59AB00546084685
:106BE000144601A900F0C2F801A8FBF791F8431C74
:106BF0000022C6B25B001046C5E9003423700323AF
:106C0000023404F8013C01ABD1B202348E4201D807
:106C10001AB070BD13F8011B013204F8010C04F81E
:106C2000021CF1E708B5302383F311880348FFF70E
:106C30009FF8002383F3118808BD00BF1849002086
:106C400090F8803003F01F02012A07D190F88120CC
:106C50000B2A03D10023C0E91D3315E003F06003C4
:106C6000202B08D1B0F884302BB990F88120212A4C
:106C700003D81F2A04D8FFF75DB8222AEBD0FAE721
:106C8000034A426707228267C3670120704700BF3B
:106C90004B22002007B5052917D8DFE801F01916A7
:106CA00003191920302383F31188104A0121019020
:106CB000FFF706F9019802210D4AFFF701F90D4887
:106CC000FFF722F8002383F3118803B05DF804FB7B
:106CD000302383F311880748FEF7ECFFF2E73023F7
:106CE00083F311880348FFF703F8EBE7909A000855
:106CF000B49A00081849002038B50C4D0C4C2A46AF
:106D00000C4904F10800FFF767FF05F1CA0204F11E
:106D100010000949FFF760FF05F5CA7204F1180079
:106D20000649BDE83840FFF757BF00BFF0610020BB
:106D3000542200206C9A0008769A0008859A000870
:106D400070B5044608460D46FAF7E2FFC6B2204683
:106D5000013403780BB9184670BD32462946FAF75C
:106D6000C3FF0028F3D10120F6E700002DE9F0472A
:106D700005460C46FAF7CCFF2C49C6B22846FFF769
:106D8000DFFF08B10C36F6B229492846FFF7D8FFD5
:106D900008B11036F6B2632E0BD8DFF89080DFF81A
:106DA0009090244FDFF898A02E7846B92670BDE861
:106DB000F08729462046BDE8F04702F00FBA252E9D
:106DC00030D1072241462846FAF78EFF80B91A4B88
:106DD000224603F1100153F8040B8B4242F8040BD6
:106DE000F9D1198807359B78133411809370DBE74C
:106DF000082249462846FAF777FF98B9A21C0F4B9C
:106E0000197802320909C95D02F8041C13F8011B44
:106E100001F00F015345C95D02F8031CF0D118348D
:106E20000835C1E7013504F8016BBDE75C9B00083C
:106E3000859A0008789B0008649B000800E8F11F11
:106E40000CE8F11FBFF34F8F044B1A695107FCD1B7
:106E5000D3F810215207F8D1704700BF002000522C
:106E600008B50D4B1B78ABB9FFF7ECFF0B4BDA689D
:106E7000D10704D50A4A5A6002F188325A60D3F821
:106E80000C21D20706D5064AC3F8042102F1883244
:106E9000C3F8042108BD00BF4E640020002000524A
:106EA0002301674508B5114B1B78F3B9104B1A69DC
:106EB000510703D5DA6842F04002DA60D3F81021B6
:106EC000520705D5D3F80C2142F04002C3F80C213B
:106ED000FFF7B8FF064BDA6842F00102DA60D3F838
:106EE0000C2142F00102C3F80C2108BD4E640020C1
:106EF000002000520F289ABF00F580604004002057
:106F0000704700004FF400307047000010207047B9
:106F10000F2808B50BD8FFF7EDFF00F50033026826
:106F2000013204D104308342F9D1012008BD002090
:106F3000FCE700000F2838B505463FD8FFF782FF71
:106F40001F4CFFF78DFF4FF0FF3307286361C4F834
:106F500014311DD82361FFF775FF030243F02403AA
:106F6000E360E36843F08003E36023695A07FCD4DD
:106F70002846FFF767FFFFF7BDFF4FF4003100F031
:106F8000ABFA2846FFF78EFFBDE83840FFF7C0BFD9
:106F9000C4F81031FFF756FFA0F108031B0243F0BD
:106FA0002403C4F80C31D4F80C3143F08003C4F846
:106FB0000C31D4F810315B07FBD4D9E7002038BD81
:106FC000002000522DE9F84F05460C46104645EAD0
:106FD0000203DE0602D00020BDE8F88F20F01F007B
:106FE000DFF8BCB0DFF8BCA0FFF73AFF04EB000805
:106FF000444503D10120FFF755FFEDE72022294644
:10700000204602F0B3F810B920352034F0E72B46C3
:1070100005F120021F68791CDDD104339A42F9D1B1
:1070200005F178431B481C4EB3F5801F1B4B38BF3E
:10703000184603F1F80332BFD946D1461E46FFF782
:1070400001FF0760A5EB040C336804F11C0143F059
:1070500002033360231FD9F8007017F00507FAD137
:1070600053F8042F8B424CF80320F4D1BFF34F8F19
:10707000FFF7E8FE4FF0FF33202221460360284649
:10708000336823F00203336002F070F80028BBD0AD
:107090003846B0E7142100520C2000521420005250
:1070A000102000521021005210B5084C237828B14E
:1070B0001BB9FFF7D5FE0123237010BD002BFCD0B8
:1070C0002070BDE81040FFF7EDBE00BF4E64002009
:1070D0002DE9F04F0D4685B0814658B111F00D06EF
:1070E00014BF2022082211F00803019304D0431E8C
:1070F000034269D0002435E0002E37D009F11F018A
:1071000021F01F094FF00108314F05F00403DFF8AB
:10711000CCA005EA080BBBF1000F32D07869C0079C
:107120002FD408F101080C37B8F1060FF3D19EB93E
:10713000284D4946A819019201F02CFE044600286A
:1071400039D12036019AA02EF3D1494601F022FE12
:10715000044600282FD1019A49461F4801F01AFE23
:10716000044660BB204605B0BDE8F08F0029C9D1B8
:1071700001462846029201F00DFE0446D8B9029A53
:10718000C0E713B178694107CBD5AC0702D5786960
:107190008007C6D5019911B178690107C1D5494663
:1071A0000AEB4810CDE9022301F0F4FD0446DDE9C5
:1071B00002230028B5D04A460021204601E04A4675
:1071C0000021FAF7ADFDCDE70246002E96D199E7F2
:1071D0008C9B0008906400205064002070640020A4
:1071E0000021FFF775BF00000121FFF771BF00000C
:1071F00070B5144D0124144E40F2FF3200210120DD
:10720000FAF78EFD06EB441001342A6955F80C1F7D
:1072100001F0ACFD062CF5D137254FF4C0542046C3
:10722000FFF7E2FF014628B122460848BDE870405A
:1072300001F09CBDC4EBC404013D4FEAD404EED17F
:1072400070BD00BF8C9B000870640020506400205B
:107250000421FFF73DBF00004843FFF7C1BF000016
:1072600008B101F009BE7047B0F5805F10B5044663
:1072700007D8FFF7EDFF28B92046BDE81040FFF71B
:10728000AFBF002010BD0000FFF7EABF70B5AAB184
:1072900040EA010313F01F030FD1094C0144A56814
:1072A0006D0706D52568A84203D366683544A94210
:1072B00004D903330C34122BF1D10022104670BDD7
:1072C0008C9B000808B501F0EDFE034AD2E90032BC
:1072D000C01842EB010108BD30650020434BD3E9E3
:1072E00000232DE9F34113437CD0FFF7EBFF404A25
:1072F00000230027F9F7A0F806460D463D4A002373
:10730000F9F79AF80023144630462946394AF9F726
:1073100093F84FF461613C23ADF80170B4FBF1F5D3
:10732000B4FBF3F601FB154103FB16464624B1FB03
:10733000F3F1314BF6B28DF8004098423CD84FF053
:10734000640C4FF4C87EA30704F26C7225D1B2FB23
:10735000FCF30CFB132313BBB2FBFEF30EFB132257
:10736000B2FA82F35B0903F26D18621C8045D2B257
:1073700017D90FB18DF800400022204C4FF00C0CB3
:1073800017460CFB0343D4B2013213F804C0844502
:107390000CD8A0EB0C000127F5E70023E3E701235D
:1073A000E1E7A0EB080014460127CCE70FB18DF808
:1073B0000140431C8DF802309DF80100431C9DF8EC
:1073C00000005038400640EA43509DF8023040EA41
:1073D000034040EA560040EAC52040EA411002B0AE
:1073E000BDE8F0814FF40410F9E700BF30650020DC
:1073F00040420F008051010090230B00D49B0008F5
:107400000244074BD2B210B5904200D110BD441CCB
:1074100000B253F8200041F8040BE0B2F4E700BFDB
:10742000504000580E4B30B51C6F240405D41C6F1F
:107430001C671C6F44F400441C670A4C0244236818
:10744000D2B243F480732360074B904200D130BD29
:10745000441C51F8045B00B243F82050E0B2F4E75A
:1074600000440258004802585040005807B5012215
:1074700001A90020FFF7C4FF019803B05DF804FBE9
:1074800013B50446FFF7F2FFA04205D0012201A97F
:1074900000200194FFF7C6FF02B010BD10B56424B0
:1074A000013C4FF47A70FFF7B5F814F0FF04F7D100
:1074B000084B4FF0807214249A6103F58053082220
:1074C0009A61013C4FF47A70FFF7A4F814F0FF04BE
:1074D000F7D110BD000002580144BFF34F8F064B97
:1074E000884204D3BFF34F8FBFF36F8F7047C3F849
:1074F0005C022030F4E700BF00ED00E00144BFF380
:107500004F8F064B884204D3BFF34F8FBFF36F8F6B
:107510007047C3F870022030F4E700BF00ED00E0D0
:10752000114BDA6952021ED59A69D00704D50F4A69
:107530009A6002F144329A600B4BDA69D107FCD4AD
:107540001A6A22F480021A629A6942F002029A616F
:10755000DA69D207FCD49A6942F001029A61024AC0
:10756000D369DB07FCD47047002000523B2A19087E
:1075700070B5054616460C4601201021FFF76CFE3B
:10758000286046733CB1204636B1FFF761FE2B6898
:10759000186000B19C6070BDFFF726FEF7E70000A1
:1075A000F8B50F461546044648B905F11F010126F6
:1075B000386821F01F01FFF78FFF3046F8BD427B8E
:1075C00029463868FFF762FE06460028EDD13B6881
:1075D0006360A368AB4210D213B12068FFF740FE8E
:1075E000637B28462BB1FFF733FE206020B9A060F3
:1075F000E3E7FFF7F9FDF8E7A560206805F11F0153
:10760000012621F01F013860FFF766FF2673D4E7DB
:1076100010B5044640B10068884205D1606808B1E1
:10762000FAF758FB0023237310BD0000F8B50F468E
:107630001446054648B904F11F010126386821F0B7
:107640001F01FFF75BFF3046F8BD427B21463868DB
:10765000FFF71CFE06460028EDD1AB68A34210D20E
:1076600013B12868FFF7FCFD6B7B20462BB1FFF7B9
:10767000EFFD286020B9A860E5E7FFF7B5FDF8E762
:10768000AC60396819B122462868FAF723FB2868EC
:1076900004F11F01012621F01F013860FFF72EFFC2
:1076A0002E73D0E720B103688B4204BF002303731D
:1076B00070470000034B1A681AB9034AD2F8D02465
:1076C0001A607047386500200040025808B5FFF77F
:1076D000F1FF024B1868C0F3806008BD38650020D8
:1076E000EFF30983054968334A6B22F001024A63CC
:1076F00083F30988002383F31188704700EF00E0CB
:10770000302080F3118862B60D4B0E4AD96821F4FF
:10771000E0610904090C0A430B49DA60D3F8FC2044
:1077200042F08072C3F8FC20084AC2F8B01F11680A
:1077300041F0010111602022DA7783F822007047BE
:1077400000ED00E00003FA0555CEACC5001000E0E6
:10775000302310B583F311880E4B5B6813F400637C
:1077600014D0F1EE103AEFF309844FF08073683CC7
:10777000E361094BDB6B236684F30988FEF794FE13
:1077800010B1064BA36110BD054BFBE783F31188D5
:10779000F9E700BF00ED00E000EF00E02F04000873
:1077A0003204000870B5BFF34F8FBFF36F8F1A4AD2
:1077B0000021C2F85012BFF34F8FBFF36F8F536990
:1077C00043F400335361BFF34F8FBFF36F8FC2F8A1
:1077D0008410BFF34F8FD2F8803043F6E074C3F3C8
:1077E000C900C3F34E335B0103EA0406014646EACF
:1077F00081750139C2F86052F9D2203B13F1200F94
:10780000F2D1BFF34F8F536943F480335361BFF319
:107810004F8FBFF36F8F70BD00ED00E0FEE70000FB
:10782000214B2248224A70B5904237D3214BC11ECA
:10783000DA1C121A22F003028B4238BF0022002108
:10784000FAF76EFA1C4A0023C2F88430BFF34F8F58
:10785000D2F8803043F6E074C3F3C900C3F34E336B
:107860005B0103EA0406014646EA81750139C2F864
:107870006C52F9D2203B13F1200FF2D1BFF34F8F9E
:10788000BFF36F8FBFF34F8FBFF36F8F0023C2F82B
:107890005032BFF34F8FBFF36F8F70BD53F8041B8F
:1078A00040F8041BC0E700BFDC9C000834670020E0
:1078B000346700203467002000ED00E0054B996B31
:1078C00021EA000199631A6E22EA00021A661B6E11
:1078D000704700BF0045025870B5D0E9244300222C
:1078E0004FF0FF359E6804EB42135101D3F80009B5
:1078F000002805DAD3F8000940F08040C3F80009F9
:10790000D3F8000B002805DAD3F8000B40F08040D4
:10791000C3F8000B013263189642C3F80859C3F844
:10792000085BE0D24FF00113C4F81C3870BD0000B2
:10793000890141F02001016103699B06FCD41220FA
:10794000FEF7FCBD10B50A4C2046FEF797FA094B2E
:10795000C4F89030084BC4F89430084C2046FEF729
:107960008DFA074BC4F89030064BC4F8943010BD24
:107970003C65002000000840109C0008D8650020ED
:10798000000004401C9C000870B503780546012BDC
:1079900058D13F4BD0F89040984254D13D4B0E21E6
:1079A00065209A6B42F000629A631A6E42F00062A0
:1079B0001A661B6E384BD3F8802042F00062C3F881
:1079C0008020D3F8802022F00062C3F88020D3F812
:1079D0008030FDF797FC314BE360314BC4F8003841
:1079E0000023D5F89060C4F8003EC02323604FF414
:1079F0000413A3633369002BFCDA01230C203361E9
:107A0000FEF79CFD3369DB07FCD41220FEF796FDE0
:107A10003369002BFCDA00262846A660FFF75CFFDE
:107A20006B68C4F81068DB68C4F81468C4F81C6894
:107A300063BB1C4BA3614FF0FF336361A36843F04A
:107A40000103A36070BD184B9842C9D1114B4FF090
:107A500080609A6B42F000729A631A6E42F0007274
:107A60001A661B6E0C4BD3F8802042F00072C3F8EC
:107A70008020D3F8802022F00072C3F88020D3F851
:107A80008030FFF71BFF0E214D20A2E7074BD1E707
:107A90003C65002000450258004402584014004054
:107AA00003002002003C30C0D8650020083C30C0F4
:107AB000F8B5D0F89040054600214FF0006620460A
:107AC000FFF736FFD5F8941000234FF001128F68AE
:107AD0004FF0FF30C4F83438C4F81C2804EB4312CC
:107AE00001339F42C2F80069C2F8006BC2F808096E
:107AF000C2F8080BF2D20B68D5F89020C5F8983080
:107B0000636210231361166916F01006FBD1122070
:107B1000FEF714FDD4F8003823F4FE63C4F80038EF
:107B2000A36943F4402343F01003A3610923C4F87D
:107B30001038C4F814380B4BEB604FF0C043C4F856
:107B4000103B094BC4F8003BC4F81069C4F8003975
:107B5000D5F8983003F1100243F48013C5F898204B
:107B6000A362F8BDEC9B000840800010D0F8902084
:107B700090F88A10D2F8003823F4FE6343EA011328
:107B8000C2F80038704700002DE9F84300EB81038C
:107B9000D0F890500C468046DA680FFA81F9480117
:107BA000166806F00306731E022B05EB41134FF017
:107BB000000194BFB604384EC3F8101B4FF001010A
:107BC00004F1100398BF06F1805601FA03F391699E
:107BD00098BF06F5004600293AD0578A04F15801AB
:107BE000374349016F50D5F81C180B430021C5F8E5
:107BF0001C382B180127C3F81019A7405369611EC0
:107C00009BB3138A928B9B08012A88BF5343D8F8F1
:107C10009820981842EA034301F140022146C8F82F
:107C20009800284605EB82025360FFF781FE08EBBF
:107C30008900C3681B8A43EA845348341E436401A5
:107C40002E51D5F81C381F43C5F81C78BDE8F883C1
:107C500005EB4917D7F8001B21F40041C7F8001BBA
:107C6000D5F81C1821EA0303C0E704F13F030B4ACF
:107C70002846214605EB83035A60FFF759FE05EBC2
:107C80004910D0F8003923F40043C0F80039D5F882
:107C90001C3823EA0707D7E7008000100004000221
:107CA000D0F894201268C0F89820FFF715BE0000A5
:107CB0005831D0F8903049015B5813F4004004D09B
:107CC00013F4001F0CBF0220012070474831D0F888
:107CD000903049015B5813F4004004D013F4001FA6
:107CE0000CBF02200120704700EB8101CB68196AAC
:107CF0000B6813604B6853607047000000EB810312
:107D000030B5DD68AA691368D36019B9402B84BF08
:107D1000402313606B8A1468D0F890201C4402EB57
:107D20004110013C09B2B4FBF3F46343033323F085
:107D3000030343EAC44343F0C043C0F8103B2B683D
:107D400003F00303012B0ED1D2F8083802EB4110E7
:107D500013F4807FD0F8003B14BF43F0805343F00E
:107D60000053C0F8003B02EB4112D2F8003B43F055
:107D70000443C2F8003B30BD2DE9F041D0F89060DB
:107D800005460C4606EB4113D3F8087B3A07C3F8C7
:107D9000087B08D5D6F814381B0704D500EB8103FF
:107DA000DB685B689847FA071FD5D6F81438DB07FD
:107DB0001BD505EB8403D968CCB98B69488A5A680E
:107DC000B2FBF0F600FB16228AB91868DA68904216
:107DD0000DD2121AC3E90024302383F311882146FF
:107DE0002846FFF78BFF84F31188BDE8F08101235B
:107DF00003FA04F26B8923EA02036B81CB68002B40
:107E0000F3D021462846BDE8F041184700EB810336
:107E10004A0170B5DD68D0F890306C692668E6607C
:107E200056BB1A444FF40020C2F810092A6802F029
:107E30000302012A0AB20ED1D3F8080803EB421458
:107E400010F4807FD4F8000914BF40F0805040F057
:107E50000050C4F8000903EB4212D2F8000940F0C8
:107E60000440C2F800090122D3F8340802FA01F1F3
:107E70000143C3F8341870BD19B9402E84BF4020A7
:107E8000206020681A442E8A8419013CB4FBF6F461
:107E900040EAC44040F00050C6E700002DE9F84336
:107EA000D0F8906005460C464F0106EB4113D3F81D
:107EB000088918F0010FC3F808891CD0D6F81038CB
:107EC000DB0718D500EB8103D3F80CC0DCF81430C5
:107ED000D3F800E0DA68964530D2A2EB0E024FF0FC
:107EE00000091A60C3F80490302383F31188FFF768
:107EF0008DFF89F3118818F0800F1DD0D6F8343823
:107F00000126A640334217D005EB84030134D5F88F
:107F10009050D3F80CC0E4B22F44DCF8142005EBE9
:107F20000434D2F800E05168714514D3D5F83438E0
:107F300023EA0606C5F83468BDE8F883012303FA8E
:107F400001F2038923EA02030381DCF80830002BE5
:107F5000D1D09847CFE7AEEB0103BCF810008342C5
:107F600028BF0346D7F8180980B2B3EB800FE3D8D7
:107F70009068A0F1040959F8048FC4F80080A0EBC0
:107F800009089844B8F1040FF5D818440B449060E0
:107F90005360C8E72DE9F84FD0F8905004466E6959
:107FA000AB691E4016F480586E6103D0BDE8F84FEF
:107FB000FDF7D4BF002E12DAD5F8003E9B0705D09E
:107FC000D5F8003E23F00303C5F8003ED5F8043889
:107FD000204623F00103C5F80438FDF7EDFF37050F
:107FE00005D52046FFF778FC2046FDF7D3FFB00407
:107FF0000CD5D5F8083813F0060FEB6823F470534E
:108000000CBF43F4105343F4A053EB6031071BD56E
:108010006368DB681BB9AB6923F00803AB612378A5
:10802000052B0CD1D5F8003E9A0705D0D5F8003EB7
:1080300023F00303C5F8003E2046FDF7BDFF63684B
:10804000DB680BB120469847F30200F1BA80B70213
:1080500026D5D4F8909000274FF0010A09EB47127B
:10806000D2F8003B03F44023B3F5802F11D1D2F8AE
:10807000003B002B0DDA62890AFA07F322EA0303B8
:10808000638104EB8703DB68DB6813B13946204664
:1080900098470137D4F89430FFB29B689F42DDD9EE
:1080A000F00619D5D4F89000026AC2F30A1702F05C
:1080B0000F0302F4F012B2F5802F00F0CA80B2F57F
:1080C000402F09D104EB8303002200F58050DB68C8
:1080D0001B6A974240F0B0803003D5F8185835D568
:1080E000E90303D500212046FFF746FEAA0303D586
:1080F00001212046FFF740FE6B0303D502212046F5
:10810000FFF73AFE2F0303D503212046FFF734FE85
:10811000E80203D504212046FFF72EFEA90203D56D
:1081200005212046FFF728FE6A0203D506212046D6
:10813000FFF722FE2B0203D507212046FFF71CFE86
:10814000EF0103D508212046FFF716FE700340F12A
:10815000A780E90703D500212046FFF79FFEAA0765
:1081600003D501212046FFF799FE6B0703D50221B5
:108170002046FFF793FE2F0703D503212046FFF784
:108180008DFEEE0603D504212046FFF787FEA806E4
:1081900003D505212046FFF781FE690603D5062198
:1081A0002046FFF77BFE2A0603D507212046FFF76E
:1081B00075FEEB0574D520460821BDE8F84FFFF7A2
:1081C0006DBED4F890904FF0000B4FF0010AD4F838
:1081D00094305FFA8BF79B689F423FF638AF09EB0C
:1081E0004713D3F8002902F44022B2F5802F20D1A2
:1081F000D3F80029002A1CDAD3F8002942F0904273
:10820000C3F80029D3F80029002AFBDB3946D4F84B
:108210009000FFF78DFB22890AFA07F322EA030395
:10822000238104EB8703DB689B6813B13946204642
:1082300098470BF1010BCAE7910701D1D0F80080F4
:10824000072A02F101029CBF03F8018B4FEA1828AC
:108250003FE704EB830300F58050DA68D2F818C0DA
:10826000DCF80820DCE9001CA1EB0C0C00218F429B
:1082700008D1DB689B699A683A449A605A683A4424
:108280005A6029E711F0030F01D1D0F800808C4526
:1082900001F1010184BF02F8018B4FEA1828E6E7DB
:1082A000BDE8F88F08B50348FFF774FEBDE8084045
:1082B000FFF74EBA3C65002008B50348FFF76AFE99
:1082C000BDE80840FFF744BAD8650020D0F89030E8
:1082D00003EB4111D1F8003B43F40013C1F8003B1C
:1082E00070470000D0F8903003EB4111D1F800390D
:1082F00043F40013C1F8003970470000D0F8903003
:1083000003EB4111D1F8003B23F40013C1F8003B0B
:1083100070470000D0F8903003EB4111D1F80039DC
:1083200023F40013C1F8003970470000044BDA6BE6
:108330000243DA635A6E104358665B6E704700BFA3
:108340000045025808B53C4B4FF0FF31D3F8802070
:1083500062F00042C3F88020D3F8802002F000428F
:10836000C3F88020D3F88020D3F88420C3F8841089
:10837000D3F884200022C3F88420D3F88400D86F77
:1083800040F0FF4040F4FF0040F4DF4040F07F0049
:10839000D867D86F20F0FF4020F4FF0020F4DF40C2
:1083A00020F07F00D867D86FD3F888006FEA40507C
:1083B0006FEA5050C3F88800D3F88800C0F30A0071
:1083C000C3F88800D3F88800D3F89000C3F8901061
:1083D000D3F89000C3F89020D3F89000D3F894001D
:1083E000C3F89410D3F89400C3F89420D3F8940001
:1083F000D3F89800C3F89810D3F89800C3F89820E1
:10840000D3F89800D3F88C00C3F88C10D3F88C0004
:10841000C3F88C20D3F88C00D3F89C00C3F89C10D0
:10842000D3F89C10C3F89C20D3F89C30FCF738FAA2
:10843000BDE8084000F0D2B90044025808B5012256
:10844000504BC3F80821504B5A6D42F002025A6556
:10845000DA6F42F00202DA670422DB6F4B4BDA601C
:108460005A689104FCD54A4A1A6001229A60494A26
:10847000DA6000221A614FF440429A61434B9A69D4
:108480009204FCD51A6842F480721A60424B1A6F4B
:1084900012F4407F04D04FF480321A6700221A672A
:1084A0001A6842F001021A603B4B1A685007FCD56B
:1084B00000221A611A6912F03802FBD101211960F9
:1084C0004FF0804159605A67344ADA62344A1A617F
:1084D0001A6842F480321A602F4B1A689103FCD557
:1084E0001A6842F480521A601A689204FCD52D4A28
:1084F0002D499A6200225A63196301F57C01DA63FF
:1085000001F5E77199635A64284A1A64284ADA62C5
:108510001A6842F0A8521A601F4B1A6802F02852DB
:10852000B2F1285FF9D148229A614FF48862DA618A
:1085300040221A621F4ADA641F4A1A651F4A5A65A6
:108540001F4A9A6532231F4A1360136803F00F0312
:10855000022BFAD1104A136943F003031361136924
:1085600003F03803182BFAD14FF00050FFF7DEFE6E
:108570004FF08040FFF7DAFE4FF00040BDE80840C2
:10858000FFF7D4BE00800051004502580048025851
:1085900000C000F004000001004402580000FF0188
:1085A000008890083220600063020901470E050828
:1085B000DD0BBF0120000020000001100910E000C9
:1085C00000010110002000524FF0B04208B5D2F86F
:1085D000883003F00103C2F8883023B1044A1368DD
:1085E0000BB150689847BDE80840FFF7B1B800BF2D
:1085F000B46600204FF0B04208B5D2F8883003F0DE
:108600000203C2F8883023B1044A93680BB1D068E2
:108610009847BDE80840FFF79BB800BFB46600204C
:108620004FF0B04208B5D2F8883003F00403C2F826
:10863000883023B1044A13690BB150699847BDE8EB
:108640000840FFF785B800BFB46600204FF0B04285
:1086500008B5D2F8883003F00803C2F8883023B197
:10866000044A93690BB1D0699847BDE80840FFF709
:108670006FB800BFB46600204FF0B04208B5D2F822
:10868000883003F01003C2F8883023B1044A136A1B
:108690000BB1506A9847BDE80840FFF759B800BFD2
:1086A000B46600204FF0B04310B5D3F8884004F40E
:1086B0007872C3F88820A30604D5124A936A0BB1D6
:1086C000D06A9847600604D50E4A136B0BB1506B05
:1086D0009847210604D50B4A936B0BB1D06B984792
:1086E000E20504D5074A136C0BB1506C9847A305FB
:1086F00004D5044A936C0BB1D06C9847BDE8104088
:10870000FFF726B8B46600204FF0B04310B5D3F899
:10871000884004F47C42C3F88820620504D5164AD8
:10872000136D0BB1506D9847230504D5124A936D14
:108730000BB1D06D9847E00404D50F4A136E0BB10E
:10874000506E9847A10404D50B4A936E0BB1D06EBE
:108750009847620404D5084A136F0BB1506F9847CD
:10876000230404D5044A936F0BB1D06F9847BDE83A
:108770001040FEF7EDBF00BFB466002008B5034807
:10878000FCF73AFCBDE80840FEF7E2BFC83600201F
:1087900008B50348FCF730FDBDE80840FEF7D8BF38
:1087A0002039002008B50348FCF726FDBDE8084045
:1087B000FEF7CEBF8C39002008B50348FCF71CFD3E
:1087C000BDE80840FEF7C4BFF839002008B500F046
:1087D000B7FCBDE80840FEF7BBBF0000062108B5A6
:1087E0000846FCF78FFD06210720FCF78BFD0621CC
:1087F0000820FCF787FD06210920FCF783FD0621F0
:108800000A20FCF77FFD06211720FCF77BFD0621DF
:108810002820FCF777FD09217A20FCF773FD092158
:108820003120FCF76FFD07213220FCF76BFD0C2196
:108830002620FCF767FD0C212720FCF763FD0C21A7
:108840005220BDE80840FCF75DBD000008B5FFF709
:1088500079FD00F043FCFDF735F9FDF7D3F8FDF79E
:108860000BFBFDF7DDF9FEF79BF9BDE8084000F0D2
:1088700029BA000030B50433039C0172002104FBC7
:108880000325C160C0E90653049B0363059BC0E94F
:108890000000C0E90422C0E90842C0E90A114363AC
:1088A00030BD00000022416AC260C0E90411C0E985
:1088B0000A226FF00101FDF7EDBE0000D0E904329D
:1088C000934201D1C2680AB9181D70470020704751
:1088D000036919600021C2680132C260C269134491
:1088E00082699342036124BF436A0361FDF7C6BEF8
:1088F00038B504460D46E3683BB162690020131D9C
:108900001268A3621344E36207E0237A33B929466D
:108910002046FDF7A3FE0028EDDA38BD6FF0010018
:10892000FBE70000C368C269013BC36043691344AD
:1089300082699342436124BF436A43610023836297
:10894000036B03B11847704770B53023044683F3B7
:108950001188866A3EB9FFF7CBFF054618B186F34A
:108960001188284670BDA36AE26A13F8015B93423E
:10897000A36202D32046FFF7D5FF002383F31188BB
:10898000EFE700002DE9F84F04460E4617469846DB
:108990004FF0300989F311880025AA46D4F828B091
:1089A000BBF1000F09D141462046FFF7A1FF20B1DE
:1089B0008BF311882846BDE8F88FD4E90A12A7EB9B
:1089C000050B521A934528BF9346BBF1400F1BD9A4
:1089D000334601F1400251F8040B914243F8040B75
:1089E000F9D1A36A403640354033A362D4E90A2363
:1089F0009A4202D32046FFF795FF8AF31188BD42C1
:108A0000D8D289F31188C9E730465A46F9F762F996
:108A1000A36A5E445D445B44A362E7E710B5029C31
:108A20000433017203FB0421C460C0E90613002370
:108A3000C0E90A33039B0363049BC0E90000C0E95B
:108A40000422C0E90842436310BD0000026A6FF0CF
:108A50000101C260426AC0E904220022C0E90A2280
:108A6000FDF718BED0E904239A4201D1C26822B9A9
:108A7000184650F8043B0B60704700231846FAE78D
:108A8000C3680021C2690133C3604369134482692A
:108A90009342436124BF436A4361FDF7EFBD000089
:108AA00038B504460D46E3683BB1236900201A1D22
:108AB000A262E2691344E36207E0237A33B92946EC
:108AC0002046FDF7CBFD0028EDDA38BD6FF0010040
:108AD000FBE7000003691960C268013AC260C2691D
:108AE000134482699342036124BF436A03610023F4
:108AF0008362036B03B118477047000070B53023E1
:108B00000D460446114683F31188866A2EB9FFF795
:108B1000C7FF10B186F3118870BDA36A1D70A36AE8
:108B2000E26A01339342A36204D3E1692046043927
:108B3000FFF7D0FF002080F31188EDE72DE9F84F13
:108B400004460D46904699464FF0300A8AF3118844
:108B50000026B346A76A4FB949462046FFF7A0FF53
:108B600020B187F311883046BDE8F88FD4E90A07B1
:108B70003A1AA8EB0607974228BF1746402F1BD981
:108B800005F1400355F8042B9D4240F8042BF9D120
:108B9000A36A40364033A362D4E90A239A4204D33D
:108BA000E16920460439FFF795FF8BF311884645AC
:108BB000D9D28AF31188CDE729463A46F9F78AF8DF
:108BC000A36A3D443E443B44A362E5E7D0E9042365
:108BD0009A4217D1C3689BB1836A8BB1043B9B1A3D
:108BE0000ED01360C368013BC360C3691A44836934
:108BF0009A42026124BF436A036100238362012316
:108C0000184670470023FBE701F01F03F0B502F0A0
:108C10001F0456095A1C0123B6EB511F50F8265069
:108C200003FA02F34FEA511703F1FF333DBF50F847
:108C30002720C4F12000134003EA05003BBF03FADC
:108C400000F225FA04F0E0401043F0BD70B57E223A
:108C50007F210546FFF7D8FF18B1012819D0002061
:108C600070BD3E2249212846FFF7CEFF2F22044641
:108C700031212846FFF7C8FF06460134502202364C
:108C800053212846B440FFF7BFFF093804FA00F02B
:108C9000E6E7302245212846FFF7B6FF0130800283
:108CA000DEE7000090F8D63090F8D7201B0403EBE5
:108CB000026390F8D42090F8D500134403EB002011
:108CC0007047000000F018BA014B586A704700BFA7
:108CD000000C0040034B002258631A610222DA6044
:108CE000704700BF000C0040014B0022DA60704763
:108CF000000C0040014B5863704700BF000C00405F
:108D0000024B034A1A60034A5A6070478C6600207F
:108D10003867002000000220074B494210B55C680C
:108D2000201A08401968821A8A4203D3A24201D845
:108D30005A6010BD0020FCE78C66002008B5302387
:108D400083F31188FFF7E8FF002383F3118808BD40
:108D50000448054B03600023C0E901330C3000F0E8
:108D600017B900BF946600203D8D0008CB1D083A5E
:108D700023F00703591A521A10B4D2080024C0E98C
:108D8000004384600C301C605A605DF8044B00F0B6
:108D9000FFB800002DE9F74F364FCD1D884600285B
:108DA00018BF0746082A4FEAD50538BF082207F141
:108DB0000C003C1D9146019000F02CF9019809F13E
:108DC0000701C9F1000E2246246864B900F02CF9AD
:108DD0003B68CBB308224946E8009847044698B35D
:108DE00040E9027830E004EB010CD4F804A00CEA6E
:108DF0000E0C0AF10106ACF1080304EBC6069E4214
:108E0000E1D9A6EB0C0CB5EBEC0F4FEAEC0BDAD882
:108E10009C421DD204F10802AB45A3EB02024FEACB
:108E2000E202626009D9691CED4303EBC1025D44B3
:108E30005560256843F8315022601C46C3F8048011
:108E400044F8087B00F0F0F8204603B0BDE8F08F4E
:108E5000AA45216802D111602346EEE7013504EBF3
:108E6000C50344F8351003F10801761AF6105E6068
:108E70001360F1E79466002073B50446A0F108057D
:108E800050F8080C54F8043C061D0C3007330190D0
:108E9000DB0844F8043C00F0BDF8334601989E42DC
:108EA0001A6801D0AB4228D20AB1954225D244F8C3
:108EB000082C54F8042C1D60013254F8081C05EBF2
:108EC000C206B14206D14E68324444F8042C0A6806
:108ED00044F8082C5E68711C03EBC1018D4207D178
:108EE00054F8042C013232445A6054F8082C1A60A9
:108EF00002B0BDE8704000F097B81346CFE700001D
:108F0000FEE7000070B51E4B0025044686B0586091
:108F10000E4605638163FEF7F3FB04F12803A560A9
:108F20006563C4E90A3304F11003C4E904334FF064
:108F3000FF33C4E90044C4E90635FFF7C5FE2B46FC
:108F4000024604F13C012046C4E9082380230D4A6F
:108F50006567FDF7FDFA7368E0600B4A0362012361
:108F6000009280F824306846F26801923269CDE9B7
:108F70000223064BCDE90435FDF71EFB06B070BD9C
:108F800010490020309C0008289C0008018F000830
:108F90000023C0E9000083600361704770B51C4B7B
:108FA00005468468DE685CB3B44213D103690133BB
:108FB000036170BDA36094F8243083B1062B15D1F2
:108FC000A06A2146D4E9003213605A60FDF72CFAFA
:108FD000A36A9C68B368A2689A42EBD306E0D4E91E
:108FE0000032204613605A60FDF72EFA28463146BB
:108FF000FDF71AFAB5620620BDE87040FDF726BA03
:109000000369866001330361336BC3603063D0E76B
:109010006846002008B5302383F31188FFF7BEFFB0
:10902000002383F3118808BD194BD96883688B42EC
:1090300010B520D1302383F311880269013A02610F
:10904000B2B90468C368A0420B631ED04A6B9BB9D7
:1090500001238A60036103681A68026050601A6B1A
:109060008360C26018631846FDF7EEF9FDF73EFA1B
:10907000002383F3118810BD1C68A34203D0A468A9
:10908000A24238BF2246DB68E1E78260F0E700BF1A
:1090900068460020024A536B18435063704700BF74
:1090A0006846002038B5EFF311859DB9EFF30584CC
:1090B000C4F30804302334B183F31188FDF722FC94
:1090C00085F3118838BD83F31188FDF71BFC84F309
:1090D000118838BDBDE83840FDF714BC0023054AAF
:1090E00019460133102BC2E9001102F10802F8D130
:1090F000704700BFB46600200E4B9A6C42F0080225
:109100009A641A6F42F008021A670B4A1B6FD36BFE
:1091100043F00803D363C722084B9A624FF0FF3233
:10912000DA6200229A615A63DA605A6001225A6157
:109130001A607047004502580010005C000C0040A7
:10914000094A08B51169D3680B40D9B29B076FEA89
:109150000101116107D5302383F31188FDF7ECF984
:10916000002383F3118808BD000C004010B50139BD
:109170000244904201D1002005E0037811F8014F2C
:10918000A34201D0181B10BD0130F2E7884210B590
:1091900001EB020402D98442234607D8431EA142B0
:1091A00008D011F8012B03F8012FF8E7024401461B
:1091B0008A4200D110BD13F8014D02F8014DF7E7C6
:1091C000C9B2034610F8012B1AB18A42F9D11846E8
:1091D0007047002918BF0023F9E70000034611F883
:1091E000012B03F8012B002AF9D1704710B5013982
:1091F000034632B111F8014F03F8014B013A002C3C
:10920000F7D11A440021934200D110BD03F8011B8D
:10921000F9E700004D4435002D2D0A002F617264DE
:109220007570696C6F742E6162696E002F61726473
:109230007570696C6F742D7665726966792E6162DE
:10924000696E002F6172647570696C6F742D666C45
:109250006173682E6162696E002F61726475706956
:109260006C6F742D666C61736865642E6162696EE3
:10927000000000000000000000000000ED0E0008EB
:10928000890F000839110008C10F0008810F00087C
:109290000000000000000000E90E0008950F000823
:1092A00071110008E50E0008F10E000853544D330B
:1092B0003248373F3F3F0053544D333248373378BD
:1092C0002F3732780053544D3332483734332F37E9
:1092D00035332F373530000001105A000310590084
:1092E00001205800032056002F00000053756363CF
:1092F00065737366756C6C79206D6F756E746564DB
:10930000205344436172642028736C6F77646F77D5
:109310006E3D2575290A0000EB769045584641546C
:10932000202020004641543332202020000000003D
:109330002A3A3C3E7C223F7F002B2C3B3D5B5D006C
:1093400043554541414141434545454949494141CD
:109350004592924F4F4F5555594F554F9C4F9E9F99
:1093600041494F55A5A5A6A7A8A9AAABACADAEAFDC
:10937000B0B1B2B3B4414141B8B9BABBBCBDBEBFD4
:10938000C0C1C2C3C4C54141C8C9CACBCCCDCECF70
:10939000D1D145454549494949D9DADBDCDD49DFC9
:1093A0004FE14F4F4F4FE6E8E85555555959EEEF0D
:1093B000F0F1F2F3F4F5F6F7F8F9FAFBFCFDFEFF35
:1093C00001030507090E10121416181C1E000000D8
:1093D00061001A03E0001703F8000703FF00010013
:1093E00078010001300132010601390110014A0102
:1093F0002E017901060180014D00430281018201A5
:1094000082018401840186018701870189018A0123
:109410008B018B018D018E018F01900191019101D2
:1094200093019401F60196019701980198013D027C
:109430009B019C019D0120029F01A001A001A201AE
:10944000A201A401A401A601A701A701A901AA01E3
:10945000AB01AC01AC01AE01AF01AF01B101B20192
:10946000B301B301B501B501B701B801B801BA0143
:10947000BB01BC01BC01BE01F701C001C101C201B9
:10948000C301C401C501C401C701C801C701CA01A4
:10949000CB01CA01CD011001DD0101008E01DE0109
:1094A0001201F3010300F101F401F401F8012801B4
:1094B000220212013A020900652C3B023B023D02E6
:1094C000662C3F0240024102410246020A01530259
:1094D000400081018601550289018A0158028F01ED
:1094E0005A0290015C025D025E025F02930161021A
:1094F00062029401640265026602670297019601A6
:109500006A02622C6C026D026E029C017002710292
:109510009D01730274029F0176027702780279023C
:109520007A027B027C02642C7E027F02A601810209
:109530008202A9018402850286028702AE014402EA
:10954000B101B20145028D028E028F02900291029A
:10955000B7017B030300FD03FE03FF03AC0304001C
:109560008603880389038A03B1031103C20302003F
:10957000A303A303C4030803CC0303008C038E03DB
:109580008F03D8031801F2030A00F903F303F4036D
:10959000F503F603F703F703F903FA03FA033004BC
:1095A000200350041007600422018A043601C1041C
:1095B0000E01CF040100C004D0044401610526045B
:1095C000000000007D1D0100632C001E9601A01EFE
:1095D0005A01001F0806101F0606201F0806301F2C
:1095E0000806401F0606511F0700591F521F5B1F28
:1095F000541F5D1F561F5F1F601F0806701F0E005F
:10960000BA1FBB1FC81FC91FCA1FCB1FDA1FDB1F12
:10961000F81FF91FEA1FEB1FFA1FFB1F801F080628
:10962000901F0806A01F0806B01F0400B81FB91F2E
:10963000B21FBC1FCC1F0100C31FD01F0206E01FBA
:109640000206E51F0100EC1FF31F0100FC1F4E2165
:109650000100322170211002842101008321D024D5
:109660001A05302C2F04602C0201672C0601752C82
:109670000201802C6401002D260841FF1A0300001E
:10968000C700FC00E900E200E400E000E500E700BC
:10969000EA00EB00E800EF00EE00EC00C400C500BB
:1096A000C900E600C600F400F600F200FB00F90075
:1096B000FF00D600DC00F800A300D800D70092011C
:1096C000E100ED00F300FA00F100D100AA00BA00B9
:1096D000BF00AE00AC00BD00BC00A100AB00BB00F1
:1096E00091259225932502252425C100C200C000A2
:1096F000A9006325512557255D25A200A500102549
:10970000142534252C251C2500253C25E300C30009
:109710005A25542569256625602550256C25A40009
:10972000F000D000CA00CB00C8003101CD00CE004F
:10973000CF0018250C2588258425A600CC0080257F
:10974000D300DF00D400D200F500D500B500FE0044
:10975000DE00DA00DB00D900FD00DD00AF00B40060
:10976000AD00B1001720BE00B600A700F700B8009A
:10977000B000A800B700B900B300B200A025A00057
:1097800010000240080002400008024000000B00E8
:1097900028000240080002400408024006010C00B4
:1097A00040000240080002400808024010020D007C
:1097B00058000240080002400C08024016030E0048
:1097C000700002400C0002401008024000040F002C
:1097D000880002400C0002401408024006051000F8
:1097E000A00002400C0002401808024010061100C0
:1097F000B80002400C0002401C08024016072F006F
:10980000100402400804024020080240000838000A
:1098100028040240080402402408024006093900D6
:10982000400402400804024028080240100A3A009E
:1098300058040240080402402C080240160B3B006A
:10984000700402400C04024030080240000C3C004E
:10985000880402400C04024034080240060D440013
:10986000A00402400C04024038080240100E4500DB
:10987000B80402400C0402403C080240160F4600A7
:109880000100000000000000009600000000000041
:1098900000000000000000000000000000000000C8
:1098A00000000000996B00089D6B000899560008A5
:1098B000D15900082D560008555600087D5600085D
:1098C0001556000800000000855A0008715A00086B
:1098D000AD5A0008995A0008A55A0008915A000884
:1098E0007D5A0008695A0008B95A000800000000B3
:1098F0009D5B0008895B0008C55B0008B15B000840
:10990000BD5B0008A95B0008955B0008815B00084F
:10991000D15B000800000000010000000000000012
:1099200063300000209900080000000000000000E3
:10993000E0460020104900200000812A00000000BD
:10994000AAAAAAAA00000024FFFE0000000000004E
:1099500000A00A000001000000000000AAAAAAAAB4
:1099600000000000FFFF00000000000000000000F9
:109970001400AA5600000000AAAAAAAA140055546E
:10998000FFFF000000000000CCCC0C0020681A0093
:1099900000000000AAAA8AAA10541500FFFF0000C8
:1099A000000C7007770000004081020100100000E9
:1099B000AAAAAAAA00410100F7FF00000000007057
:1099C000070000000000000000000000AAAAAAAAE8
:1099D00000000000FFFF0000000000000000000089
:1099E0000000000000000000AAAAAAAA00000000CF
:1099F000FFFF000000000000000000000000000069
:109A000000000000AAAAAAAA00000000FFFF0000B0
:109A10000000000000000000000000000000000046
:109A2000AAAAAAAA00000000FFFF00000000000090
:109A3000000000000000000000000000AAAAAAAA7E
:109A400000000000FFFF0000000000000000000018
:109A50000000000000000000AAAAAAAA000000005E
:109A6000FFFF000000000000000000004375626579
:109A700050696C6F7400437562654F72616E676503
:109A80002B2D424C002553455249414C25000000E6
:109A90000200000000000000BD5D00082D5E00080F
:109AA00040004000C0610020D061002002000000A2
:109AB000000000000300000000000000755E0008C8
:109AC0000000000010000000E06100200000000025
:109AD00001000000000000003C65002001010200C0
:109AE000956C0008A56B0008416C0008256C000807
:109AF00043000000F89A000809024300020100C078
:109B000032090400000102020100052400100105D1
:109B10002401000104240202052406000107058235
:109B2000030800FF09040100020A00000007050104
:109B30000240000007058102400000001200000002
:109B4000449B00081201100102000040AE2D581085
:109B500000020102030100000403090425424F41F1
:109B600052442500437562654F72616E6765506CA3
:109B700075735F74656D700030313233343536374C
:109B800038394142434445460000000000000020AF
:109B9000000002000200000000000030000004008D
:109BA000080000000000002400000800040000007D
:109BB0000004000000FC000002000000000004306F
:109BC00000800000080000000000003800000100D4
:109BD000010000001F1C1F1E1F1E1F1F1E1F1E1F17
:109BE0001F1D1F1E1F1E1F1F1E1F1E1F0000000007
:109BF000D15F00088962000835630008400040001A
:109C00007466002074660020010000008466002055
:109C1000800000004001000008000000000100007A
:109C2000001000000800000069646C65000000007E
:109C30006D61696E002C0438040438080C10141C83
:109C40002024252600000000000064040100040018
:109C500000000000000C0010283034000C68FF7F6A
:109C600001000000000000002704000000000000C8
:109C700000001E0000000000FF0000001849002046
:109C8000203900208C390020F83900200000000025
:109C9000AC92000883040000B79200085004000052
:109CA000C5920008010000000000000000960000BE
:109CB00000000800960000000008000004000000FA
:109CC000589B000800000000000000000000000099
:0C9CD00000000000000000000000000088
:00000001FF
