:020000040800F2
:1000000000060020E1020008E3020008E302000805
:10001000E3020008E3020008E3020008E30200082C
:10002000E3020008E3020008E3020008E9770008A1
:10003000E3020008E3020008E3020008E30200080C
:10004000E3020008E3020008E3020008E3020008FC
:10005000E3020008E3020008E3020008E3020008EC
:10006000E3020008E3020008E30200088D460008EE
:10007000B5460008E14600080D470008394700086A
:10008000614700088D470008E3020008E30200080A
:10009000E3020008E3020008E3020008E3020008AC
:1000A000E3020008E3020008E3020008E30200089C
:1000B000E3020008E3020008E3020008E30200088C
:1000C000E3020008E3020008E3020008E30200087C
:1000D000E3020008E3020008E5860008F98600084C
:1000E000E3020008E3020008E3020008E30200085C
:1000F000E3020008E3020008E3020008B947000831
:10010000E3020008D186000821870008E302000806
:10011000E3020008E3020008E3020008E30200082B
:10012000E54700080D480008394800086548000800
:1001300091480008E3020008E3020008E302000817
:10014000E3020008E3020008E3020008E3020008FB
:10015000B9480008E548000811490008E302000812
:10016000E3020008E3020008E3020008E3020008DB
:10017000E3020008C1830008E3020008E30200086C
:10018000E3020008E30200080D870008E30200080C
:10019000E3020008E3020008E3020008E3020008AB
:1001A000E3020008E3020008E3020008E30200089B
:1001B000E3020008E3020008E3020008E30200088B
:1001C000E3020008E3020008E3020008E30200087B
:1001D000E3020008AD830008E3020008E302000820
:1001E000E3020008E3020008E3020008E30200085B
:1001F000E3020008E3020008E3020008E30200084B
:10020000E3020008E3020008E3020008E30200083A
:10021000E3020008E3020008E3020008E30200082A
:10022000E3020008E3020008E3020008E30200081A
:10023000E3020008E3020008E3020008E30200080A
:10024000E3020008E3020008E3020008E3020008FA
:10025000E3020008E3020008E3020008E3020008EA
:10026000E3020008E3020008E3020008E3020008DA
:10027000E3020008E3020008E3020008E3020008CA
:10028000E3020008E3020008E3020008E3020008BA
:10029000E3020008E3020008E3020008E3020008AA
:1002A000E3020008E3020008E3020008E30200089A
:1002B000E3020008E3020008E3020008E30200088A
:1002C000E3020008E3020008E3020008E30200087A
:1002D000E3020008E3020008E3020008E30200086A
:1002E00002E000F000F8FEE772B6374880F30888B5
:1002F000364880F3098836483649086040F20000E5
:10030000CCF200004EF63471CEF200010860BFF36B
:100310004F8FBFF36F8F40F20000C0F2F0004EF637
:100320008851CEF200010860BFF34F8FBFF36F8F8B
:100330004FF00000E1EE100A4EF63C71CEF20001E3
:100340000860062080F31488BFF36F8F07F0AEFAC1
:1003500006F0E2FB4FF055301F491B4A91423CBF6B
:1003600041F8040BFAE71D49184A91423CBF41F895
:10037000040BFAE71A491B4A1B4B9A423EBF51F83D
:10038000040B42F8040BF8E700201849184A914280
:100390003CBF41F8040BFAE707F0C6FA06F042FC4E
:1003A000144C154DAC4203DA54F8041B8847F9E7A6
:1003B00000F0C4F9114C124DAC4203DA54F8041B9E
:1003C0008847F9E707F0AEBA0006002000220020B7
:1003D0000000000808ED00E00000002000060020FA
:1003E000809B000800220020742200207822002038
:1003F000B4660020E0020008E0020008E002000805
:10040000E00200082DE9F04F2DED108AC1F80CD064
:10041000D0F80CD0BDEC108ABDE8F08F002383F338
:1004200011882846A047002006F058F9FEE706F09C
:10043000ABF800DFFEE7000053B94AB9002908BF56
:1004400000281CBF4FF0FF314FF0FF3000F074B9AF
:10045000ADF1080C6DE904CE00F006F8DDF804E01B
:10046000DDE9022304B070472DE9F047089D0446FA
:100470008E46002B4DD18A42944669D9B2FA82F257
:1004800052B101FA02F3C2F1200120FA01F10CFA93
:1004900002FC41EA030E94404FEA1C48210CBEFBCB
:1004A000F8F61FFA8CF708FB16E341EA034306FB54
:1004B00007F199420AD91CEB030306F1FF3080F0E3
:1004C0001F81994240F21C81023E63445B1AA4B230
:1004D000B3FBF8F008FB103344EA034400FB07F7D2
:1004E000A7420AD91CEB040400F1FF3380F00A8113
:1004F000A74240F207816444023840EA0640E41B08
:1005000000261DB1D4400023C5E900433146BDE8B3
:10051000F0878B4209D9002D00F0EF800026C5E955
:10052000000130463146BDE8F087B3FA83F6002E6D
:100530004AD18B4202D3824200F2F980841A61EBE5
:10054000030301209E46002DE0D0C5E9004EDDE703
:1005500002B9FFDEB2FA82F2002A40F09280A1EBEB
:100560000C014FEA1C471FFA8CFE0126200CB1FB40
:10057000F7F307FB131140EA01410EFB03F0884239
:1005800008D91CEB010103F1FF3802D2884200F2C6
:10059000CB804346091AA4B2B1FBF7F007FB101158
:1005A00044EA01440EFB00FEA64508D91CEB0404F6
:1005B00000F1FF3102D2A64500F2BB800846A4EB51
:1005C0000E0440EA03409CE7C6F12007B34022FA3C
:1005D00007FC4CEA030C20FA07F401FA06F31C436B
:1005E000F9404FEA1C4900FA06F3B1FBF9F8200C78
:1005F0001FFA8CFE09FB181140EA014108FB0EF0BE
:10060000884202FA06F20BD91CEB010108F1FF3A0D
:1006100080F08880884240F28580A8F10208614419
:10062000091AA4B2B1FBF9F009FB101144EA014127
:1006300000FB0EFE8E4508D91CEB010100F1FF34D2
:100640006CD28E456AD90238614440EA0840A0FB6A
:100650000294A1EB0E01A142C846A64656D353D040
:100660005DB1B3EB080261EB0E0101FA07F722FA64
:1006700006F3F1401F43C5E9007100263146BDE88D
:10068000F087C2F12003D8400CFA02FC21FA03F3F0
:10069000914001434FEA1C471FFA8CFEB3FBF7F071
:1006A00007FB10360B0C43EA064300FB0EF69E4296
:1006B00004FA02F408D91CEB030300F1FF382FD22F
:1006C0009E422DD9023863449B1B89B2B3FBF7F6D7
:1006D00007FB163341EA034106FB0EF38B4208D9B0
:1006E0001CEB010106F1FF3816D28B4214D9023EF1
:1006F0006144C91A46EA004638E72E46284605E70F
:100700000646E3E61846F8E64B45A9D2B9EB0208DF
:1007100064EB0C0E0138A3E74646EAE7204694E76F
:100720004046D1E7D0467BE7023B614432E73046A2
:1007300009E76444023842E7704700BF38B501F06A
:10074000FBF901F0ABFB06F007FF054607F03EF8AA
:100750000446D0B90F4B9D4219D001339D4241F25E
:10076000883504BF01240025002006F0FFFE0CB1EF
:1007700000F076F801F032FB00F022FD08B100F045
:100780006FF8284600F00EF9F9E70025ECE705467A
:10079000EAE700BF010007B008B501F099F9A0F140
:1007A00020035842584108BD07B5042101900DEBC4
:1007B000010001F0ABF903B05DF804FB38B530235C
:1007C00083F31188174803680BB106F06BF8002318
:1007D000154A4FF47A71134806F05AF8002383F350
:1007E0001188124C236813B12368013B23606368AE
:1007F00013B16368013B63600D4D2B7833B96368B7
:100800007BB9022001F054FA322363602B78032B6A
:1008100007D163682BB9022001F04AFA4FF47A73CA
:10082000636038BD78220020BD07000898230020AF
:1008300090220020084B187003280CD8DFE800F045
:1008400008050208022001F029BA022001F01CBAB2
:10085000024B00225A60704790220020982300200B
:10086000F8B5494B494A1C461968013100F08A80A5
:1008700004339342F8D16268454B9A4240F2828039
:10088000444B9B6803F1006303F500339A4279D22D
:10089000002001F06BF90220FFF7CCFF3E4B002156
:1008A0009A6C99641A6F19671A6FDA6CD9645A6F67
:1008B00059675A6F1A6D19659A6F99679B6F374B15
:1008C000D3F8802042F00062C3F88020D3F8802063
:1008D00022F00062C3F88020D3F88020D3F8802073
:1008E00042F00072C3F88020D3F8802022F000721A
:1008F000C3F88020D3F8803072B64FF0E023C3F8FD
:10090000084DD4E90004BFF34F8FBFF36F8F244A23
:10091000C2F88410BFF34F8F536923F480335361BF
:10092000BFF34F8FD2F8803043F6E076C3F3C905AA
:10093000C3F34E335B0103EA060C29464CEA817788
:100940000139C2F87472F9D2203B13F1200FF2D1B1
:10095000BFF34F8FBFF36F8FBFF34F8FBFF36F8F17
:10096000536923F4003353610023C2F85032BFF3BC
:100970004F8FBFF36F8F302383F31188854680F349
:1009800008882047F8BD00BF0000020820000208C8
:10099000FFFF0108002200200045025800440258D1
:1009A00000ED00E02DE9F04F95B0DFF8D89220225D
:1009B000FF21029004A8D9F8085001F0B9F9A84A1B
:1009C0001378A3B90121A74811700360302383F382
:1009D000118803680BB105F065FF0023A24A4FF4AC
:1009E0007A71A04805F054FF002383F31188029B1D
:1009F00013B19E4B029A1A609D4A1378032B03D0C1
:100A000000231370994A53604FF0000B029C5E461E
:100A1000DA46CDF804B0012001F040F924B1934B3F
:100A20001B68002B00F02882002001F051F8B0F183
:100A30000008F3DB012001F027F9A8F121031F2BA7
:100A4000E9D801A252F823F0C90A0008E50A000813
:100A5000730B0008170A0008170A0008170A000895
:100A6000FD0B0008EF0D0008E10C00083D0D00082B
:100A7000630D0008890D0008170A00089B0D000887
:100A8000BF0D0008370E0008510B0008170A0008B8
:100A90007F0E0008D50A0008510B0008170A00084D
:100AA0003D0D0008170A0008170A0008170A000879
:100AB000170A0008170A0008170A0008170A000892
:100AC000170A0008730B00080220FFF765FE0028D4
:100AD00040F0FF81029B02216648BBF1000F08BF76
:100AE0001C4640E04FF47A7000F0F2FF071EF1DB85
:100AF0000220FFF751FE0028ECD0013F052F00F245
:100B0000EA81DFE807F003070A0D10330520FFF73D
:100B10004BFE14E0D9F80000F9E7D9F80400F6E735
:100B2000D9F80800F3E74FF01C08404608F1040824
:100B300001F01EF8FFF738FEB8F12C0FF5D10120B7
:100B4000019B4FF0000A00FA07F71F43FBB2019325
:100B500001F03AF92EB1019B03F00B030B2B08BFF8
:100B600000240221444800F0D1FF54E7D9F80C00DA
:100B7000CDE7002EAED0019B03F00B030B2BA9D1C8
:100B80000220FFF709FE07460028A3D00120002617
:100B900000F0ECFF0220FFF74DFE1FFA86FB5846DF
:100BA00000F0F4FF044688B1A8F14002584601362F
:100BB0005142514100F0FAFF0028EED1BB460446F5
:100BC00002212E483E4600F0A1FF24E725460120E1
:100BD000FFF730FED9F80830AB4207D9284600F0BD
:100BE000C7FF013040F07A810435F3E70025204B40
:100BF000BB463E461D701D4B5D60A9E7002E3FF4CD
:100C000069AF019B03F00B030B2B7FF463AF022052
:100C1000FFF710FE322000F05BFFB0F10008FFF696
:100C200059AF18F003077FF455AF08EB0503D9F867
:100C3000082093423FF64EAFB8F5807F3FF74AAFAA
:100C40000F4BB84503931FDD4FF47A7000F040FF5F
:100C50000028FFF63FAF039B013703F8010BF0E7D5
:100C60009423002078220020BD070008982300204C
:100C700090220020349100082C9100083091000847
:100C80009422002000220020C820FFF785FD07469F
:100C900000283FF41FAF1F2D11D8C5F1200204AB6F
:100CA00025F003008F494245184428BF424603926D
:100CB00001F018F8039AFF218A4801F039F84FEA49
:100CC000A803C8F3870287492846039301F038F840
:100CD000064600283FF474AF039B05EB830537E716
:100CE0000220FFF759FD00283FF4F4AE00F07CFF2E
:100CF00000283FF4EFAE0027B846D9F80830BB42D1
:100D000018D91F2F11D8049B01330ED027F00303ED
:100D100014AA134453F8403C0C93404604220CA9F7
:100D2000043701F053F98046E7E7384600F020FF2A
:100D30000C90F2E74046FFF737FD09E700236421F6
:100D40000CA80C9300F0D8FE00287FF4C3AE02205C
:100D5000FFF722FD00283FF4BDAE0C9800F03AFFEB
:100D6000E9E7002364210CA80C9300F0C5FE0028DD
:100D70007FF4B0AE0220FFF70FFD00283FF4AAAECB
:100D80000C9800F029FFD6E70220FFF705FD0028A8
:100D90003FF4A0AE00F038FFCDE70220FFF7FCFCE7
:100DA00000283FF497AE0CA9142000F033FF039005
:100DB000FFF7FAFC03990CA800F0A8FEC8E6022091
:100DC000FFF7EAFC00283FF485AE474B0CAF03F178
:100DD000100C1868083353F8041C3A46634503C2E4
:100DE0001746F6D11020FFF7DFFC1021E3E7322091
:100DF00000F06EFE071EFFF66DAEBB077FF46AAE15
:100E000007EB0A03D9F8082093423FF663AE0220AD
:100E1000FFF7C2FC00283FF45DAE27F003075744FC
:100E2000BA453FF495AE50460AF1040A00F0A0FE20
:100E3000FFF7BAFCF4E74FF47A70FFF7ADFC002837
:100E40003FF448AE00F0D0FE002849D0049B0133A7
:100E50000BD0082204A9002000F072FF00283FD028
:100E60002022FF2104A800F063FF2048022100F0A7
:100E70004DFE1F4805F038FC15B0BDE8F08F002E80
:100E80003FF428AE019B03F00B030B2B7FF422AE43
:100E9000002364210CA80C9300F02EFE07460028C6
:100EA0007FF418AE0220FFF777FC804600283FF45D
:100EB00011AE02210D4800F029FE41F2883005F004
:100EC00013FC0C9800F0C8FF46463C4600F07CFF3F
:100ED000A1E506463CE64FF0000AFBE5BB466FE69F
:100EE00037466DE694220020189100082C910008E6
:100EF000A0860100704700007047000070470000A6
:100F00002DE9F04100F58037044616463B7C5BB97D
:100F1000C0681030204400F0E5FEE5683544B5F5C2
:100F2000004FE56002D816B1BDE8F081DEB905F0EA
:100F30007F0605F110000021C6F180062044F6B2BC
:100F400032462E4400F0F4FEA06804F11008324648
:100F500000F10060414600F5003006F09DF830B920
:100F600001233B74E0E74FF400463546ECE7A26806
:100F700005F11001404632442144A260E268521B50
:100F8000E26000F0AFFE0220BDE8F04100F090BE4C
:100F9000183000F0E9BC000010B5044601F032F84A
:100FA000204610BD10B5044601F02CF8204610BDB7
:100FB000C0B2A0F14103052B02D83738C0B2704748
:100FC000A0F16103052B94BF57383038F6E70000D5
:100FD00070B504461546084603220C4900F08CFE05
:100FE000014688B908346E1C15F91100FFF7E0FFBF
:100FF000024616F911000131FFF7DAFF102940EA25
:10100000021004F8010BEFD170BD00BF3891000849
:101010002DE9F04FADF53F7D0746416801222AA832
:1010200002F0E0FE002840F08780064682468146B6
:101030001125DFF80C81DFF80CB101AB4FF48052C1
:1010400041462AA803F02EF8002875D1019AB2F57E
:10105000805F71D8002A65D00446019A9442ECD290
:10106000282D0FD008DC132D2DD01E2D39D0112D99
:1010700013D00134A4B2F0E7322D2DD0372D2FD06C
:101080002D2DF6D13B68121B08EB040138461B6975
:101090002D259847BDF80440EBE7121B022A09D919
:1010A000594608EB040000F027FE18B90234282541
:1010B000A4B2DEE718F804303A2B3DD00A2B1CBF4F
:1010C000A1461325D5E718F804300A2B34D03A2B63
:1010D00004BFA2463225CCE718F80430202BC8D034
:1010E000264618F804300A2B1AD1AAEB090208EB9D
:1010F000090102A811254F2A28BF4F2207F0F8FF47
:10110000A21B08EB060116A84F2A28BF4F2207F0A2
:10111000EFFF3B6816AA02A9DB6838469847A8E7A4
:101120001E25A6E73B68384604491B6998470120FD
:101130000DF53F7DBDE8F08F0020F9E73A920008F9
:10114000A02300203C91000800F1180110B50446CE
:1011500086B00846019100F0F1FB2046FFF758FFEA
:1011600060B1019902A800F049FC102204F10801C5
:1011700002A807F07DFFB0FA80F0400906B010BD6C
:1011800070B504460025EEB2304600F0FFFC58B1C1
:1011900000213046013500F009FD08B9002070BD7E
:1011A000022000F085FDEEE72046FFF731FF002822
:1011B000F4D004F58034207C80F00100EFE70000DB
:1011C000F0B5C9B006F0E0F900F038FF18B9002515
:1011D000284649B0F0BD69462A4803F025F80028A2
:1011E0004BD1294C204603F04FF8284803F04CF827
:1011F000274803F049F82146224803F0C1F80028A7
:10120000E5D1702000F0F8FE064610B1214B446095
:101210000360336830469B689847054600282ED007
:101220001A4F1948394603F0ABF805460028CED1CD
:10123000194800F0E1FE044638B1184B47600360DE
:1012400000F58033C0E902551D74236820469B6871
:101250009847054628B10E490C4803F091F800283C
:10126000B5D1336830465B6898471CB12368204687
:101270005B68984700F0CAFEAAE70025FAE7044633
:10128000EFE700BF40910008509100086791000807
:101290007D910008A091000814000100BC91000895
:1012A0002DE9F04FD44A8DB00B68D0F804A001931B
:1012B0001A440368D14E1A44D1F81C90DFF8B4C325
:1012C000DFF8B4B3D0E90234634003EA0A036340B1
:1012D00013444A6802920AEB7363029CC84A224490
:1012E000C468224484688AEA04051D4065401544A8
:1012F0008A68039203EB3555039CC24A22448468F2
:1013000022448AEA03042C4084EA0A041444CA688A
:1013100005EBF4340492164483EA05022240564455
:101320005A4032440E69059604EBB222059FB64E30
:101330003E441E4485EA040313406B4033444E6927
:10134000069602EB7363069FB04E3E442E4484EA39
:1013500002051D40654035448E69079603EB3555FF
:10136000079FAB4E3E44264482EA03042C4054407F
:101370003444A84E4E4405EBF434164483EA050287
:1013800022405A4032440E6A089604EBB222089F6B
:10139000A14E3E441E4485EA040313406B4033448F
:1013A0004E6A099602EB7363099F9C4ED1F830E0B8
:1013B0003E44D1F83880F3442E4484EA02051D40AF
:1013C000654035448E6AA6F5244703EB35550A96E9
:1013D0004F3F274482EA03042C4054403C44CF6AE8
:1013E0000B9705EBF4340B9E8D4F3744029E174448
:1013F00083EA050222405A403A448A4F774404EB7C
:10140000B2221F4485EA040313406B403B444F6BF8
:10141000BC4402EB7363654484EA020C0CEA030CDF
:101420008CEA040C6544DFF854C2C44403EB355520
:10143000A44482EA03042C4054406444D1F83CC0E4
:10144000794905EBF4346144114483EA05022240F2
:101450005A400A44754904EBB2223144079E1944AC
:1014600084EA02032B4063400B44714902EBF363AF
:1014700031440B9E0D4482EA03012140514029442E
:101480006C4D03EBF1513544019E254483EA010480
:1014900014405C402C44684D01EBB4443544069E36
:1014A000154481EA04021A404A402A44634D04EB81
:1014B000323235440A9E1D4484EA02030B406340E5
:1014C0002B445F4D02EBF3633544059E0D4482EAE5
:1014D00003012140514029445A4D03EBF151654429
:1014E000254483EA010414405C402C44564D01EB32
:1014F000B4443544099E154481EA04021A404A4026
:101500002A44524D04EB32323544049E1D4484EA91
:1015100002030B4063402B444D4D02EBF363454403
:101520000D4482EA0301214051402944494D03EB17
:10153000F1513544089E2C4483EA010515405D4075
:101540002C44454D01EBB4443544039E2A4481EAC2
:1015500004051D404D402A44404D04EB32323D44C9
:101560002B4484EA020593440D4065402B443C4DD6
:1015700002EBF3633544069E294482EA03052540C5
:1015800055402944374D03EBF1514D442C4483EA37
:10159000010515405D40254401EBB54581EA050490
:1015A00004EA03024A405A44A6F5B82B089E05EB0C
:1015B0003232ABF2BE6B54405B4423442A4C344479
:1015C00002EB33730B9E0C4485EA0201594021441F
:1015D000264C344403EB7151029E254482EA0304F5
:1015E0004C402544224C444401EB3545144483EAE5
:1015F00001026A40224443E078A46AD7EECEBDC11E
:1016000056B7C7E8DB702024AF0F7CF52AC68747A2
:10161000134630A8019546FDD8988069AFF7448BF2
:10162000BED75C892211906B2108B44962251EF651
:1016300040B340C0515A5E26AAC7B6E95D102FD606
:101640005314440281E6A1D8C8FBD3E7E6CDE121DB
:10165000D60737C3870DD5F4ED145A4505E9E3A93C
:10166000F8A3EFFCD9026F6781F6718722619D6D47
:101670000C38E5FD937198FD8A4C2A8D8E4379A62E
:10168000934C344405EB7222059E1C4481EA050309
:10169000534023448F4C344402EB33730A9E0C4472
:1016A00085EA0201594021448B4C4C4403EB7151B3
:1016B000254482EA03044C402C44884D354401EB18
:1016C0003444019E154483EA010262402A44844D59
:1016D0003D4404EB72221D4481EA040353402B4431
:1016E000804D354402EB3373049E294484EA02059D
:1016F0005D4029447C4D354403EB7151079E2544E0
:1017000082EA03044C402C44784D354401EB3444C8
:10171000099E2A4483EA010565401544744A32440F
:1017200004EB7525039E134481EA04026A401A44BF
:10173000704B734405EB32720B4484EA050151404F
:1017400019446D4B634402EB71511C4485EA02035A
:101750004B401C44694B334401EB3444019E1D440F
:1017600082EA010363402B44654D04EB7323354447
:10177000069E154463EA010262402A44614D03EB70
:10178000B2624D4462EA040929445F4D89EA0309C3
:10179000454449442C445D4D02EBB1513544049E0F
:1017A00061EA03081D4488EA0208444401EB7444DA
:1017B00064EA02034B402B44554D04EBF32375447C
:1017C00063EA010E15448EEA040E0EEB0502514D3C
:1017D00003EBB262354462EA040E29440A9D8EEAA4
:1017E000030EA5F580164C4D7144A6F6833602EB28
:1017F000B151264461EA030454403444029E01EB93
:101800007444354464EA02061D444E407319089E30
:10181000424D04EBF323354463EA01061544664068
:1018200072193F4D03EBB262654462EA0406294433
:101830003C4D5E403144079E02EBB151354461EAB4
:1018400003062C44384D56403D443444059E1D4407
:1018500001EB744464EA02034B402B44334D04EB28
:10186000F32335440B9E154463EA010262402A4487
:101870002F4D03EBB2623544039E0D4462EA04012E
:10188000594029442B4D02EBB15135442A4E254491
:1018900061EA030454402C44099D01EB74442E4436
:1018A00064EA02051E4485EA01039D1903681A448F
:1018B0000AEB040303EBF5230260436083681C44D6
:1018C000C36819448460C1600DB0BDE8F08F00BFEB
:1018D00044EABEA4A9CFDE4B604BBBF670BCBFBED2
:1018E000C67E9B28FA27A1EA8530EFD4051D88041F
:1018F00039D0D4D9E599DBE6F87CA21F6556ACC493
:10190000442229F497FF2A43A72394AB39A093FCE0
:10191000C3595B6592CC0C8FD15D84854F7EA86FD7
:10192000E0E62CFE144301A3A111084E827E53F77A
:1019300035F23ABDBBD2D72A91D386EB094B03606F
:1019400003F18833436003F12943A3F59613A3F60B
:101950008B638360A3F18833C3600023C0E9043341
:10196000704700BF012345672DE9F843144602691B
:1019700005460E46E300C2F3C50800F118079B18A0
:10198000036122BF43690133436112F4FC7F436961
:1019900003EB5473436114D0C8F1400907EB08000E
:1019A0004C4504D22246BDE8F84307F071BB403CE9
:1019B0004A464E4407F06CFB444439462846FFF73C
:1019C0006FFCA04606EB0409B8F13F0FA9EB080134
:1019D0000AD94022384607F05BFB39462846A8F171
:1019E0004008FFF75DFCEFE7A1096FF03F023846C2
:1019F00002FB014206EB8111D5E7000070B50B69CF
:101A000001F1180506460C46C3F3C503EA18501C3D
:101A10008022EA54C3F13F02072A1FD8002100F0B8
:101A200087F929462046FFF73BFC3822002128464B
:101A300000F07EF9236929462046236563696365C2
:101A4000FFF72EFC21461022304607F021FB2046EE
:101A500058220021BDE8704000F06AB9C3F1370296
:101A60000021E5E72DE9F84F4FF47A7306460D465D
:101A7000002402FB03F7DFF85080DFF8509098F95C
:101A800000305FFA84FA5A1C01D0A34210D159F8F1
:101A900024002A4631460368D3F820B03B46D84795
:101AA000854205D1074B012083F800A0BDE8F88FDF
:101AB0000134042CE3D14FF4FA7004F015FE002039
:101AC000F4E700BFE433002010220020142200209D
:101AD000002307B5024601210DF107008DF80730FC
:101AE000FFF7C0FF20B19DF8070003B05DF804FBCD
:101AF0004FF0FF30F9E700000A46042108B5FFF770
:101B0000B1FF80F00100C0B2404208BD074B0A4659
:101B100030B41978064B53F821400146236820461B
:101B2000DD69044BAC4630BC604700BFE4330020A5
:101B300014220020A086010070B50A4E00240A4D30
:101B400005F04EFA308028683388834208D905F0C2
:101B500043FA2B6804440133B4F5003F2B60F2D301
:101B600070BD00BFE6330020A033002005F012BB9B
:101B700000F1006000F500300068704700F100607F
:101B8000920000F5003005F087BA0000054B1A6896
:101B9000054B1B889B1A834202D9104405F01CBADE
:101BA00000207047A0330020E633002038B50446FB
:101BB000074D29B128682044BDE8384005F024BA13
:101BC0002868204405F00EFA0028F3D038BD00BF85
:101BD000A03300200020704700F1FF5000F58F1067
:101BE000D0F8000870470000064991F8243033B15E
:101BF00000230822086A81F82430FFF7BFBF0120C4
:101C0000704700BFA4330020014B1868704700BF25
:101C10000010005C194B01380322084470B51D68A0
:101C2000174BC5F30B042D0C1E88A6420BD15C6824
:101C30000A46013C824213460FD214F9016F4EB19D
:101C400002F8016BF6E7013A03F10803ECD1814297
:101C50000B4602D22C2203F8012B0424094A1688D1
:101C6000AE4204D1984284BF967803F8016B013CE0
:101C700002F10402F3D1581A70BD00BF0010005CDD
:101C800024220020FC910008022803D1024B4FF0CF
:101C900080529A61704700BF00100258022803D199
:101CA000024B4FF480529A61704700BF00100258F7
:101CB000022804D1024A536983F480535361704768
:101CC0000010025870B504464FF47A764CB1412C9E
:101CD000254628BF412506FB05F0641B04F004FDE2
:101CE000F4E770BD002310B5934203D0CC5CC4541C
:101CF0000133F9E710BD0000013810B510F9013FBC
:101D00003BB191F900409C4203D11AB10131013A33
:101D1000F4E71AB191F90020981A10BD1046FCE7BB
:101D200003460246D01A12F9011B0029FAD1704766
:101D300002440346934202D003F8011BFAE77047BE
:101D40002DE9F8431F4D14460746884695F8242090
:101D500052BBDFF870909CB395F824302BB9202249
:101D6000FF2148462F62FFF7E3FF95F82400414624
:101D7000C0F1080205EB8000A24228BF2246D6B27D
:101D80009200FFF7AFFF95F82430A41B17441E44C0
:101D90009044E4B2F6B2082E85F82460DBD1FFF758
:101DA00023FF0028D7D108E02B6A03EB820383428C
:101DB000CFD0FFF719FF0028CBD10020BDE8F88372
:101DC0000120FBE7A4330020024B1A78024B1A7063
:101DD000704700BFE433002010220020F8B5194CF2
:101DE000194803F079FF2146174803F0A1FF246842
:101DF0004FF47A70154ED4F89020154DD2F804386F
:101E0000114F43F00203C2F80438FFF75BFF20468E
:101E1000104904F09BF8D4F890200424D2F8043838
:101E200023F00203C2F804384FF4E133336055F86D
:101E3000040BB84202D0314603F0ACFE013CF6D1AF
:101E4000F8BD00BFFC99000818490020CC330020E1
:101E500014220020049A00080C4B70B50C4D044667
:101E60001E780C4B55F826209A420DD00A4B0021C3
:101E700018221846FFF75CFF0460014655F826005B
:101E8000BDE8704003F086BE70BD00BFE4330020A3
:101E90001422002018490020CC3300202DE9F047FF
:101EA00071B6464B01201D68454BB3F800800023F6
:101EB0001A46194602F0CAFD0446802005F00AFAC7
:101EC0000746002862D0002C60D03E4EADB24FF0E5
:101ED000800A7369284643F0C0637361D6F81431F1
:101EE00043F0C063C6F8143105F076F805EB08023C
:101EF00000FB05F34FF4D06C50434FF03D0E984279
:101F000033D93269520144D4D6F81021510140D45A
:101F1000216803F100628A602268D7602268C2F8F3
:101F200004A02268C2F800C0D4F80090D9F80020BC
:101F300042F00102C9F80020D4F80090D9F800203E
:101F400022F01E02C9F80020D4F80090D9F8002031
:101F5000D207FBD494F80C90803361680EFA09F232
:101F60000A60CCE7002005F015F9204602F0A4FD38
:101F7000384605F0EBF9134B5A6942F0C0625A61DA
:101F8000D3F8142142F0C062C3F8142161B6BDE851
:101F9000F0870D4B9A6A42F400729A629A6A42F490
:101FA00000429A6261B60026012005F0F3F8B045C0
:101FB000D8D9A819013605F027F8F8E7A033002092
:101FC000E63300200020005200ED00E030B50A4466
:101FD000084D91420DD011F8013B5840082340F3C1
:101FE0000004013B2C4013F0FF0384EA5000F6D1BB
:101FF000EFE730BD2083B8ED0121884238BF0846A5
:1020000005F0A0B908B105F0A1B9704710B5084CAA
:1020100001220849002001F0C1FE23783BB10648A7
:1020200003F030FD044803F063FD0023237010BD6E
:10203000E83300200C920008C83600202DE9F0415A
:10204000234C244E236DBBB901224FF4004104F10F
:10205000500005F003FB236D1B686BB901224FF4A0
:10206000805104F1500005F0F9FA236D1B681BB98B
:1020700000203070BDE8F08133780BB1FFF7C6FF68
:102080000324154F4FF00008114D13492846C7F897
:10209000048003F01FFD284603F058FB38B1013CD3
:1020A000284603F025FD14F0FF04E1D0EDE70B49CD
:1020B00001220B4801F072FE014618B1284603F0D8
:1020C000E1FCECE7074800F00FF80120D1E700BF82
:1020D000C8360020E83300203C2200200C92000883
:1020E000EC330020109200080FB4002004B07047B9
:1020F0000068704703460068596870470B0A017012
:1021000043700B0C090E8370C1707047110A027086
:1021100003714170110C120E8170C2701A0A427163
:102120001A0C1B0E8271C37170470000C36A02391A
:10213000023B8B4283BF4389006C01FB03000020FC
:1021400070470000C2F307238A76CB760378032B0F
:1021500001BF120C0A75120A4A75704700F10B0193
:102160000022D30143EA520310F8012B52FA83F301
:102170008842DAB2F5D110467047000010B54178B8
:1021800004460020013102464901022A16BFA35C21
:10219000032203EBC03302F101021EBF9BB203EB2B
:1021A000500398B29142F0D810BD000002684AB1C5
:1021B000134613F8011B1F290DD93A29F9D1911C97
:1021C0008B4202D04FF0FF3070471278302AF9D19D
:1021D000036000207047014B1878704738360020A4
:1021E00038B50D46044618B9092000232B6038BDC8
:1021F0000368002BF8D01A78002AF5D08188DA8895
:102200009142F1D1587804F00BFC10F00100EBD1B1
:102210002368EBE738B50D4640F25231144602F020
:10222000B9F9FF2807D9012C0BD9030A02246870D9
:102230002B70204638BD30B1002CFAD00124287014
:10224000F7E70024F5E70446F3E700002DE9F8433B
:102250000026D0F8008005460C468E76836B002B56
:102260004AD098F80030042B4BD1334635464027EE
:1022700020E0B7F5187F80F0C480F90606F101066A
:1022800008BF0237D05B02372BB900F5205292B25B
:10229000B2F5006F0DD305F11A01C5F1FF0240EA56
:1022A00003402144FFF7B6FF002800F0AA80054450
:1022B00000200346D8F8102092F82310B142D8D855
:1022C000002B40F09E80002D00F09B8000232544D1
:1022D000AB766373D8F81020137903F03701DB066F
:1022E00021730BD402F13800FFF704FFC4E90001A9
:1022F00093896381D3892381BDE8F8830020014657
:10230000F4E7C36C01335ED1EA6B00232E26551E21
:10231000184615F8011F013020290CD0052908BFE7
:10232000E521092804D10B2B9EBFE71801337E73EA
:10233000E718013379730B28EBD1E11800204873BB
:10234000A17E00294BD1002B40D06FF00C0604F188
:102350000D000825361B331810F8011B002938D052
:102360002E298BB24AD0A3F14101192903D8117B40
:102370000D4200D020330373EDE7B9F1000F05D112
:1023800000F520539BB2B3F5006F0BD307F11A0190
:10239000C7F1FF0240EA09402144FFF73BFF48B183
:1023A0000744002002368146D8F80C30985B00289C
:1023B000E3D13846B9F1000F4FF0000218BF0020FA
:1023C00023189A76A0E7B1463746EDE73F23A37678
:1023D0000123234400219976137B03B96373D37AD5
:1023E00002F11C0003F03F0323730023FFF780FE7C
:1023F00020606360D38A6381138B7CE710250B46D2
:10240000B9E73F230125A37660E7000038B505460C
:10241000002435F8020B08B9204638BD02F0EEF86A
:102420006308C2B203EBC43312FA83F39AB2C0F367
:10243000072303EB520303EBC2339CB2E9E700002E
:1024400037B5C37804461BB90025284603B030BD14
:1024500000F14C01826C01234078019104F006FBED
:10246000054680B9A36BE070A06C226BC31A93423F
:10247000EAD2A3780199022BE6D1024401236078C5
:1024800004F0F4FAE1E70125DFE7000038B5836CDA
:1024900005460C468B4210D0FFF7D2FF60B92246AA
:1024A000012305F14C01687804F0BCFA00281CBF38
:1024B0004FF0FF340120AC6438BD0020FCE7000081
:1024C00038B500230446C3704FF0FF338364FFF731
:1024D000DDFF00284BD1B4F84A524AF655239D42FD
:1024E00007D10B22254904F14C0006F0C1FD00285C
:1024F0003FD094F84C30EB2B03D01833DBB2012BD8
:102500002ED84AF655239D4206D108221C4904F1D3
:102510009E0006F0ADFD48B3B4F85730B3F5007F28
:102520001ED194F85930DBB15A1E1A4218D1B4F8B2
:102530005A30ABB194F85C30013B012B10D8B4F8A1
:102540005D306BB1B4F85F307F2B06D804F16C00BE
:10255000FFF7CEFDB0F5803F02D3B4F8623053B937
:102560004AF6552085420CBF0220032038BD0420C6
:10257000FCE70120FAE70020F8E700BF3C920008E2
:102580004892000802392DE9F04701F007044FF0A6
:10259000010A466C05460AFA04F41746984606EB0B
:1025A0001136C1F3C809E4B2314628460136FFF7B7
:1025B0006DFF18B10120BDE8F087994605EB0902CF
:1025C00092F84C30234214BF01210021414513D021
:1025D0006340013F82F84C3085F803A0EBD06400E3
:1025E00014F0FF04EAD109F1010301244FF00009BE
:1025F000B3F5007FE1D1D7E70220DCE701290246ED
:10260000F8B50C4640F28C800668F36A8B4240F2C3
:1026100087803378013B032B00F28280DFE803F0F0
:102620000229384B04EB5405B16B304601EB5521C0
:10263000FFF72CFF10B14FF0FF30F8BD6F1CC5F352
:102640000805B16B3046354401EB572195F84C50E5
:10265000FFF71CFF0028EED1C7F30807E3073E444D
:1026600096F84C0045EA00204CBF0009C0F30B006F
:10267000E3E7B16B304601EB1421FFF707FF0028B9
:10268000D9D1640004F4FF742644B6F84C00D4E7B2
:10269000B16B304601EBD411FFF7F8FE0028CAD128
:1026A000A40006F14C0004F4FE742044FFF720FD62
:1026B00020F07040C1E7D0E90430D57953EA000139
:1026C00001D0916801B95DBB9168022DA4EB0101B5
:1026D0000DD1013B728940F1FF305B0A43EAC053E0
:1026E000B3FBF2F399421BD81CD0601CA5E7032D65
:1026F00002D193698B42F8D8D3699BB9B16B30464C
:1027000001EBD411FFF7C2FE002894D1A0004C3693
:1027100000F4FE703044FFF7EBFC20F000408CE743
:1027200001208AE76FF0004087E70000F8B50668EF
:1027300004460D463378042B0CBF4FF080524FF403
:1027400000128A4201D80220F8BDCA06FBD1826875
:102750000163D2B9022B13D83389B3EB551FF2D9D9
:10276000F36BA363A36B6263002BECD003EB5523E5
:102770004C36C5F308050020A3633544E563E3E761
:10278000F36BC271002BE7D01A4677897F02BD42F6
:10279000114604D23046FFF7C9FCA063E2E72046A9
:1027A000FFF72CFF431C024606D00128CBD9F36A61
:1027B0008342C8D9ED1BEAE70120C5E701292DE9CD
:1027C000F04706460C46174608D9C36A8B4205D91E
:1027D0000378022B62D003D8012B22D0022552E0CD
:1027E000033B012BFAD8816B01EBD411FFF74EFEAE
:1027F0000546002847D1A40006F14C0304F4FE74FA
:102800001C443378042B07D0204627F07047FFF78D
:102810006FFC00F07040074339462046FFF76EFC1E
:102820002FE001EB5108816B01EB5821FFF72EFEE1
:10283000054640BB14F0010406F14C0908F1010AF9
:10284000C8F3080808BFFBB230461FBF19F80830AC
:1028500003F00F023B0103F0F00318BF134309F824
:1028600008300123B16BF37001EB5A21FFF70EFE24
:10287000054640B9CAF3080A44B1C7F3071709F877
:102880000A700123F3702846BDE8F08719F80A3072
:10289000C7F3032723F00F031F43F0E7816B01EB1E
:1028A0001421FFF7F3FD05460028ECD1640006F182
:1028B0004C0304F4FF741F551919C7F307274F7011
:1028C000DFE70000F8B504460E461746E3690BB98A
:1028D0001846F8BD012BA6EB0305206814BFAA1CFF
:1028E0003A46691CFFF76AFF0028F2D1E369013B11
:1028F000E361EBE701292DE9F84306460C4617464C
:10290000056802D80220BDE8F883EB6A8B42F9D94A
:102910007AB9A14621463046A046FFF76FFE04462D
:10292000B0B92B78042B02D1002F43D1F7710020CE
:10293000E9E72B78042B02D1C379022BE9D04FF0C1
:10294000FF3239462846FFF739FF0028E1D0DAE7A1
:102950000128D7D0421C01D10120D4E72B78042BC9
:1029600019D1EA6AAB69023A93421CD308F1010219
:10297000A2420CD02B78042B08D10023A2EB090231
:1029800049462846FFF7FEFD0028BCD1A146EB6A68
:10299000A342BFD8C5E7002241462846FFF70EFFF5
:1029A0000028DED0AFE70133AB612B7943F00103A0
:1029B0002B71DBE7F3798BB9B468BC4202D10223F7
:1029C000F371B4E721463046FFF718FE012899D984
:1029D000431CC1D001348442EFD0A8E7032BA6D119
:1029E000B368BB42A3D8B2691344BB429FD3E6E7A6
:1029F00070B5C3790446032B06D181688369CD186D
:102A0000A94203D10023E371002070BD4E1C206851
:102A10003246FFF7D3FE0028F7D13146F0E7000039
:102A20002DE9F74305460191FFF70AFD044600280A
:102A300049D105F14C09019928464FF40072FFF77E
:102A400075FB2146A86407464846FFF771F96C8973
:102A50006402B4F5004F28BF4FF40044B4F5007F82
:102A60002FD9204604F076FC804630B12246002162
:102A7000640A0026FFF75CF909E06408EEE72346E4
:102A8000BA194146687803F0F1FF18B926446B89FA
:102A90009E42F4D3404604F06DFC6889801B18BF49
:102AA000012003B0BDE8F08301366B899E42F4D269
:102AB0000123BA194946687803F0D8FF0028F3D0FB
:102AC000EBE70026F1E70120EBE70000F8B504464C
:102AD000FFF7B6FC0546002842D12378032B37D1F7
:102AE0002779012F34D104F14C0601464FF40072CE
:102AF0003046FFF71DF955234122722184F84A32EE
:102B0000AA2304F50D7084F84F2084F84B32522329
:102B100084F8301284F84C3084F84D30612384F806
:102B2000311284F84E3084F83332A16984F83222AD
:102B3000FFF7E4FA616904F50E70FFF7DFFA626BE4
:102B40003B46314601326078A26403F08FFF257165
:102B500000226078114603F0ADFF003818BF012055
:102B6000F8BD000000232DE9F0430B6085B00F464F
:102B70001546FFF71BFB061EC0F2B281804B53F8CF
:102B80002640002C00F0AE813C6005F0FE05237865
:102B90006BB1607803F044FFC70708D41DB110F093
:102BA000040500D00A25284605B0BDE8F0830023BF
:102BB000F0B22370607003F01FFFC10700F1948131
:102BC0000DB14207EED400212046FFF779FC022820
:102BD00040F099806E4604F2122304F252213246EC
:102BE00018461033FFF784FA42F8040B8B42F7D1F2
:102BF000002556F8041B00297DD02046FFF760FC15
:102C0000012879D80128A26C40F0C08004F1570354
:102C100004F18C0113F8015B002D7BD18B42F9D1BB
:102C2000B4F8B430B3F5807F74D194F8B830092B80
:102C300070D104F19400FFF75DFA4FF0FF331718DD
:102C400041F10001BB4275EB010363D304F1A00025
:102C5000FFF74EFA94F8BA302063012BA37059D1D4
:102C600094F8B99003FA09F91FFA89F36381002BEC
:102C700050D0444B04F1A800FFF73AFA06469842B8
:102C800048D8831C626304F1A400E362FFF730FAC2
:102C900000EB020804F19C00C4F84080FFF728FA1A
:102CA00010441FFA89F2A06306FB02F313EB08033A
:102CB00045EB05029F4271EB02032BD32E4604F134
:102CC000AC00FFF715FAE06365B96389B34221D917
:102CD000E16B2046FFF72AFA81192046FFF7D6FB61
:102CE00098B90136631993F84C30812B14D02035F4
:102CF000C5F30805E8E703200135042D7FF479AF1B
:102D0000042807D101E0042801D101254BE701285F
:102D10007FF678AF0D2546E705F1140004F14C0667
:102D20003044FFF7E5F901280546F3D9E36A834209
:102D3000F0D96189821E236C02FB01336364A16BAD
:102D4000204601EBD511FFF7A1FB0028DDD105F0EE
:102D50007F0006EB8000FFF7CBF9431C03D0013561
:102D6000A842ECD0D6E70425C4E90500064A257040
:102D700000251388E56101339BB21380E38012E7DD
:102D80003C360020FDFFFF7F40360020B4F857306E
:102D9000B3F5007FBED1B4F8626026B904F17000CB
:102DA000FFF7A6F9064694F85C302663591EA37017
:102DB0000129AFD894F859506581002DAAD0691E19
:102DC0002942A7D1B4F85D8018F00F0FA4F808804D
:102DD000A0D1B4F85F0018B904F16C00FFF788F9CE
:102DE000B4F85A10002995D006FB03FE01EB181C1D
:102DF000F44460458ED3A0EB0C00A842B0FBF5F381
:102E000088D33E48834285D84FF6F57083426DD90A
:102E100003259F1C114402EB0C03032DE762626340
:102E2000A16323644CD1B4F8763053EA08037FF4ED
:102E300071AFBB0004F17800FFF75AF9E06303F2C9
:102E4000FF13B6EB532FFFF465AF4FF0FF33032DA5
:102E5000C4E905334FF08003237187D1B4F87C3087
:102E6000012B83D1511C2046FFF710FB00287FF473
:102E70007DAFB4F84A224AF6552320719A427FF476
:102E800075AF1F4B04F14C00FFF732F998427FF405
:102E90006DAF03F1FF5304F50C70FFF729F903F54B
:102EA0000053203398427FF461AF04F50D70FFF7B3
:102EB0001FF9A06104F50E70FFF71AF9606155E77C
:102EC000B8F1000F3FF426AF7144022D4FEA4703DB
:102ED000E1631EBFD91907F0010303EB5103AEE70D
:102EE0000B2560E60C255EE603255CE640F6F575ED
:102EF000AB428CBF022501258BE700BFF5FFFF0F1A
:102F0000525261412DE9F84F07460568884649B994
:102F10006E69C6B1EB6AB34298BF0126AB69A3B92B
:102F2000002405E0FFF76AFB0128044603D80124CA
:102F30002046BDE8F88F421C00F0D280EB6A834245
:102F4000F6D84646EAE70126E8E72A78EB6A042A3B
:102F500040F08380A6F1020A023B4FF0010B9A4534
:102F600028BF4FF0000AD146696C284601EB1931A1
:102F7000FFF78CFA00283BD109F00703EA6AC9F38E
:102F8000C8010BFA03F3901EDBB26A184C4609F134
:102F9000010992F84C20814502EA030233BF5B002D
:102FA00000234FF40071DBB228BF9946B2B9023456
:102FB000631E0333BCD80123214628461A46FFF777
:102FC000E1FA0228B3D0012800F08A80B8F1000F9E
:102FD00013D10223FB710028A9D130E0CA450AD0E1
:102FE000002BD2D10131B1F5007FBDD20123CCE756
:102FF0004FF0FF34DCE70024DAE7FB79022B07D13E
:10300000731CA342E7D0BB68F31ABB610323FB71B7
:1030100008F10102FB69A24205D113B10133FB6142
:10302000D9E70223FBE70BB90123FB6122464146A6
:103030003846FFF747FC00284FD10123FB61EA6ABD
:10304000AB69023A6C6193429CBF03F1FF33AB6101
:103050002B7943F001032B716AE7464514D1741CA8
:103060003846A34298BF02242146FFF7C7FA012839
:103070003FF45DAF431C33D0E0B16B69012B03D942
:10308000EA6A934238BF1E4634460134EB6AA342D3
:1030900003D8012E7FF644AF022421463846FFF7BD
:1030A000ADFA48B101283FF442AF013018D0B44224
:1030B000EBD135E7002CE7D04FF0FF322146284610
:1030C000FFF77CFB48B9B8F1000FB8D02246414663
:1030D0002846FFF773FB0028B1D001287FF427AF03
:1030E0004FF0FF3424E700002DE9F843066804465A
:1030F000076B894633782037042B0CBF4FF0805381
:103100004FF40013BB429CBF00238363836B73B1F6
:10311000C7F30808B8F1000F3CD10133416B83635A
:1031200039B93389B3EB571F34D80023A363042084
:103130000AE07389013B13EA57232BD1FFF75EFAAC
:103140000128054602D80220BDE8F883421C01D1BF
:103150000120F9E7F36A834216D8B9F1000FE4D0F1
:10316000616B2046FFF7CEFE0546C8B10128EAD0C4
:10317000431CEDD001463046FFF752FC0028E7D152
:10318000E37943F00403E371294630466563FEF7B3
:10319000CDFFA0634C36002027634644E663D3E7A7
:1031A0000720D1E7F8B50E46002104460768FFF76F
:1031B000BDFA98B90546A16B3846FFF767F968B9BB
:1031C0003A78E36B042A1B780CD11B060ED5054612
:1031D00001212046FFF788FF0028ECD0042808BF13
:1031E000072006E0E52B01D0002BF0D10135B542D8
:1031F000EED1F8BDC16C4B1C2DE9F04104460568C9
:10320000066B1FD1E5274FF00108A16B2846FFF799
:103210003DF998B92A78E36B042A09BF1A781F7020
:1032200002F07F021A7085F80380236BB3420DD23F
:1032300000212046FFF758FF0028E6D0042808BFE9
:10324000022003E0FFF772FA0028DBD0BDE8F0812E
:103250002DE9F04105460068A96B0669FFF716F9EC
:10326000044620B9EB6B1A78852A03D00224204645
:10327000BDE8F081324603F1200153F8040B8B4284
:1032800042F8040BF9D1777801377F01A7F1600389
:10329000B3F5007FEAD800212846FFF725FF042870
:1032A0000446E3D00028E2D1A96B2868FFF7EEF8C6
:1032B00004460028DBD1EB6B1A78C02AD6D106F180
:1032C000200203F1200153F8040B8B4242F8040B57
:1032D000F9D196F823300F222C33B3FBF2F3B7EB7E
:1032E000431FC3D34FF0400800212846FFF7FCFEE0
:1032F00004280446BAD00028B9D1A96B2868FFF782
:10330000C5F804460028B2D1EB6B1A78C12AADD1BA
:10331000B8F5187F09D206EB080203F1200153F833
:10332000040B8B4242F8040BF9D108F12008474501
:10333000DAD8B8F5187F9AD83046FEF71FFF7388A1
:10334000834294D092E700000B68002210B503601E
:1033500004460B6A83604B6AC261C37123F0FF03AA
:10336000896AC0E90432C164FFF7E0F920B9204658
:10337000BDE81040FFF76CBF10BD0000F8B5036852
:10338000054601271C692046FEF7F8FEA070000ADA
:103390006678E0702846E96CFFF7C8F920B102288A
:1033A00028BF0220C0B2F8BDA96B2868FFF76EF8ED
:1033B0000028F4D1EB6B04F1200254F8041B944272
:1033C00043F8041BF9D12B68DF70002EE7D00021F1
:1033D0002846013EFFF788FEE0E700002DE9F843AC
:1033E0004FF0FF0806460768042445464FF6FF796C
:1033F000B16B11B9002C73D063E03846FFF746F883
:10340000044600285DD1F06B0378002B6ED03A782B
:10341000042A11D1852B4DD1336B3046F364FFF76D
:1034200017FF044600284CD13B691B7903F03F038A
:10343000B3712046BDE8F883C27AE52B02F03F0263
:10344000B27143D02E2B41D022F0200108293DD06B
:103450000F2A40D1590637D503F0BF05336B90F8DA
:103460000D80F364437B434530D1428B72BB0378BC
:103470000D21FC6823F04003DFF874E0013B4B436F
:1034800001211EF801CB30F80CC009B3FF2B1DD869
:1034900024F813C06146013301320D2AF1D10278BC
:1034A000520605D521B1FF2B10D8002224F8132095
:1034B000013DEDB200213046FFF716FE044600281C
:1034C00096D00023B363B4E7AB42CBD0FF25F1E73E
:1034D000CC45E1D0FAE72DB9FEF740FE404501D1D9
:1034E0000024A6E74FF0FF33F364A2E70424E8E7E3
:1034F000E49200082DE9F04F002187B00446D0F88F
:103500000090FFF713F9804670B999F80030042B4A
:1035100033D1D9F80C00FEF779FF07462046FFF7B4
:103520005DFF054620B18046404607B0BDE8F08FFC
:10353000D9F810309A8CBA42F0D193F823B04026D3
:103540005D4506D1D9F80C3033F81530002BE5D1A4
:10355000EAE7F106D9F8103008BF0236985B01F0AF
:103560004DF8D9F80C30824633F8150001F046F8D2
:103570008245D3D102360135E2E74FF0FF0A4FF022
:10358000FF3B5546C4F84CB0A16B4846FEF77EFFA2
:1035900000285CD1E66B3778002F77D0F27AE52FE0
:1035A00002F03F03A37103D0120704D50F2B04D000
:1035B000C4F84CB04FE00F2B54D194F84B30580660
:1035C0003FD4790645D5236B07F0BF0796F80DA0C9
:1035D000E364737B53453ED1738B002B3BD135782D
:1035E0000121D9F80C3005F03F0501930D23013D71
:1035F0005D43284B13F8012BB25A71B3FF2D05938D
:1036000029D81046049200F0F9FF6B1C0390029336
:10361000019B33F8150000F0F1FF039981421AD1A4
:10362000049A029D1146059B1B4A9342E2D13378CE
:103630005A0604D519B1019B33F815305BB97D1ECC
:10364000EDB200212046FFF74FFD00289CD08046B8
:103650006AE7BD42BDD0FF25F3E74FF6FF70824217
:10366000E2D0F8E72DB93046FEF778FD50453FF43B
:103670005BAF94F84B30DB079AD40B2204F1400186
:10368000304605F0F5FC002892D14DE74FF00408D4
:103690004AE700BFE4920008F19200082DE9F04FDC
:1036A00090F84BB099B004461BF0A00540F068813B
:1036B0000668F26832F81530002B4AD13378042BB3
:1036C00040F087800F230E352046B5FBF3F5A91C8B
:1036D000FFF768FD8146002877D1236B0135A3EB06
:1036E0004515E3795A07E56435D523F004032046F0
:1036F000E371FFF77DF950BB4FF0FF32616B20465D
:10370000FFF7E0F818BBA3682BB3214604A8FFF726
:103710001BFEE0B970894FF40071D4E90423E0FB8B
:1037200001233069C4E904233830FEF7EFFC306927
:10373000D4E904232830FEF7E9FCE379326904A8D0
:1037400043F0010382F82130FFF718FE18B18146DB
:103750003BE00135AEE7D6E9035440220021204684
:10376000FEF7E6FA8523012140222370C0234FF0A3
:10377000C10C04EB010884F8203000231E469E464D
:10378000571C04F802C0F0B2023204F807E021B17D
:1037900035F8131009B10133DBB20F0AA15408F850
:1037A00002700232D706F2D135F813700136002FBD
:1037B000E6D184F82330831C28466370FEF726FE8A
:1037C00084F82400000A84F82500484619B0BDE8B2
:1037D000F08F04F140070DF1100A1BF0010F97E87C
:1037E00007008AE8070000F0D38040234FF001086B
:1037F00084F84B30BC46F368B8F1050F9AE807002F
:10380000ACE803002CF8022B4FEA12428CF800209F
:1038100059D9981E424630F8021F002942D10DF1B5
:103820000F0C072102F00F0E914612090EF1300025
:10383000392888BF0EF1370001390CF8010902D090
:10384000B9F10F0FEED818AB7E205A1802F8580CB9
:1038500038460022914206D010F801CB02F1010E49
:10386000BCF1200F31D104F13F0C072902F1010214
:1038700097BF18AB20205818013198BF10F8580C8A
:10388000072A0CF80200F0D92046FFF733FE8146E4
:10389000002878D108F10108B8F1640FAAD14FF0DF
:1038A000070992E74FF0100C01F0010E49080EEBEA
:1038B0004202D30344BF82F4883282F02102BCF179
:1038C000010CF1D1A7E74246A9E77246C2E7216B96
:1038D0002046A1EB4511FEF729FF814600287FF421
:1038E00074AF4FF6FF783846FEF738FC0190A16BB5
:1038F0003046FEF7CBFD814600287FF466AFE36BD0
:10390000E9B2019A4FF00D0CD6F80CE05A734FF063
:103910000F02DFF8E0A0DA724A1E18730CFB02F205
:1039200084469876D87640451AF8019B0CF1010C34
:1039300018BF3EF8120003EB090B18BF013203F861
:1039400009004FEA1029002808BF4046BCF10D0FBE
:103950008BF80190E7D1404502D03EF812200AB919
:1039600041F040011970012300212046F370FFF758
:10397000BBFB814600287FF428AF013DB7D11BE097
:103980004FF0060921E704287FF41FAF84F84BB0FD
:103990001BF0020F20461BBF0C350D210125B5FB86
:1039A000F1F518BF01352946FFF7FCFB81460028D9
:1039B0007FF40BAF013D8AD1A16B3046FEF766FD67
:1039C000814600287FF401AF01462022E06BFEF71C
:1039D000AFF9E36B03CF18605960BA7839889A72EF
:1039E000198194F84B30E26B03F018031373012331
:1039F000F370EAE6E492000810B504460A46343053
:103A0000FEF776FB886004F13800FEF773FBC2E92D
:103A1000040194F8213003F00203D3710023D36131
:103A200010BD000003284B8B04BF8A8A43EA02437F
:103A3000184670472DE9F04F0B7899B00446894637
:103A40002F2BD0F800B001D05C2B09D14A46137857
:103A5000914601322F2BFAD05C2BF8D0002301E0E5
:103A6000DBF81C30A3600023E3619BF80030042BDB
:103A70001ED1A368E3B1DBF82030214604A82362FD
:103A8000DBF824306362DBF82830A362FFF75CFCCC
:103A90000346002854D1DBF8102002F13800FEF76D
:103AA00027FBC4E9040392F8213003F00203E37119
:103AB00099F800301F2B00F2358180230021204629
:103AC00084F84B3019B0BDE8F04FFEF72FBE4946E1
:103AD0000B78894601312F2BFAD05C2BF8D01F2BA5
:103AE0008CBF00250425012F2FD113882E2B31D117
:103AF000002322F8173004F140029F428CBF2E2190
:103B0000202101330B2B02F8011BF6D145F02005D3
:103B1000204684F84B50FFF7EDFC94F84B3000281A
:103B200000F0E78004280BD1990603F0040240F16D
:103B3000DC80002A00F0F6808023002084F84B30DF
:103B400019B0BDE8F08F0425CDE7022F02D15388CC
:103B50002E2BCAD0911E87BB002322F81730002FCE
:103B600000F0118132F81300194601332028F9D0F2
:103B700009B92E2801D145F00305901E30F8173001
:103B80002E2B01D0013FF9D14FF020334FF0000A26
:103B90006364D0462364C4F847300823481C32F8D5
:103BA00011600090F6B1202E03D02E2E0DD1B84218
:103BB00010D045F003050099F0E731F81730202BBD
:103BC00001D02E2BC8D1013FC5E79A4505D20099F7
:103BD000B9423BD10B2B30D101E00B2B27D145F063
:103BE00003050B2394F84020E52A04BF052284F83E
:103BF0004020082B04BF4FEA88085FFA88F808F0D5
:103C00000C030C2B03D008F00303032B01D145F068
:103C10000205A8073FF57CAF18F0010F18BF45F06B
:103C2000100518F0040F18BF45F0080570E700995B
:103C3000B94202D045F00305D4D84FEA88080B23D7
:103C40004FF0080A00975FFA88F8B4E77F2E15D97D
:103C5000304640F25231CDE9022345F00203019390
:103C600000F098FC10F0800F0646DDE9022316D024
:103C700000F07F0646498E5D019D46B331464548BA
:103C8000CDE9012305F01EFADDE90123F8B9A6F11B
:103C9000410189B219291ED848F0020810E0FF2816
:103CA000EAD9591E8A4503D345F003059A4682E7AF
:103CB00004EB0A01000A0AF1010A019D81F84000A3
:103CC00004EB0A010AF1010A81F8406073E745F04C
:103CD00003055F26F4E7A6F1610189B219299EBFA9
:103CE000203E48F00108B6B2EAE7002A08BF0520E6
:103CF00026E75A073FF524AFA379DB0645D59BF8A5
:103D00000000042835D1A3682146E27923622369A3
:103D1000DBF8100023F0FF0313436362E36CA3623C
:103D2000FFF76AFE23680027DA6819F8010B0028FC
:103D30003FF409AF40F25231009200F04BFC0546CF
:103D400008B31F28009A7FF6FEAE2F283FF4BFAEBF
:103D50005C283FF4BCAE7F2805D801460E4805F02C
:103D6000B1F9009A78B9FF2F0DD022F8175001371A
:103D7000DBE7216B0BF14C03C1F308011944FFF79A
:103D800051FEA060CEE70620DAE60520D8E600BFA7
:103D9000649200085D920008549200081FB5CDE9B6
:103DA000001003A814460391FEF700FA002815DB63
:103DB0000B4A52F820300BB100211970019B0BB156
:103DC0000021197042F820302CB1002201A9684668
:103DD000FEF7C8FE0446204604B010BD0B24FAE7E7
:103DE0003C3600202DE9F04798B0904605460191F9
:103DF000002800F0528102F03F0603A901A83246D4
:103E0000FEF7B0FE002840F04681039B4FF48C6023
:103E1000049303F09FFA0746002800F04081039BBB
:103E200000F500720199D86004A81A61FFF702FE3C
:103E3000044620B99DF95B30002BB8BF062418F06A
:103E40001C0F00F0CD80002C4CD0042C40D104A8D5
:103E5000FFF724FC044600283AD146F00806039BED
:103E60001A78042A40F08380186929462B60FFF7EE
:103E7000C3FD039B1E22002118690230FDF758FF85
:103E8000039C00211A2220692630FDF751FF236987
:103E900020221A71246903F097FA0146012208349E
:103EA0002046FEF72BF9039B04A81B6983F8212009
:103EB000FFF764FA044658B9A96801B302462846D8
:103EC000FEF718FDAB68039A0446013B5361B4B199
:103ED000384603F04FFA0CB100232B60204618B08F
:103EE000BDE8F0879DF8163013F0110F40F0848084
:103EF00018F0040F40F0C98018F0080FAFD1039AF2
:103F000031071399936C48BF46F04006E964AB64EF
:103F10001078042872D1069B9DF817102B62089B1D
:103F2000106923F0FF030B4329466B62179BAB62BA
:103F3000FFF762FDDDF80CA00024002205F1500817
:103F4000BAF8063021464046C5F800A0AB800023F1
:103F500085F8306085F831406C64C5E90E234FF474
:103F60000072FDF7E5FEB20653D40024B0E703F07B
:103F70002BFA0146009013980E30FEF7BFF8139805
:103F800000991630FEF7BAF8039C13992078FFF7D2
:103F900049FD202300228046CB7220461399FEF76C
:103FA000D1F8139B002201211A775A779A77DA7792
:103FB000039BD970B8F1000FA1D0414604A8D3F8F3
:103FC0004890FEF797FC0446002881D149460398A3
:103FD000FEF75CFA039B044608F1FF30586176E770
:103FE000002C7FF475AF9DF81630DC064FD418F026
:103FF000020F84D0D80782D5072469E7FFF712FDA6
:104000000023A86001F11C00FEF772F86B612861C3
:1040100090E7D5E9046956EA0903A6D0BAF80AA0E0
:10402000A9684FEA4A2AC5E90E69B24574EB09034B
:104030001BD300242964002C7FF44AAFC6F3080385
:10404000002B92D0039C2046FEF770F808B3760A46
:104050000123414646EAC95682196A64607802F033
:10406000E1FC041E18BF012432E72846FEF7C6FA19
:10407000B6EB0A06014669F10009012803D9431C81
:10408000D3D10124D6E70224D4E7082420E704246E
:104090001EE702241CE704461EE709241EE711243C
:1040A0001CE700002DE9F04F994685B000238846B3
:1040B00003A90446C9F800301646FEF791F80546F4
:1040C00080BB94F831506DBB94F8303013F001038D
:1040D000009300F0A68004F1500AD4E90432D4E938
:1040E0000E011B1A62EB0102B34272F1000238BFEB
:1040F0001E46BEB1D4E90E10C1F30803002B40F0F8
:104100008280039B5A894B0A013A43EAC0531A4002
:104110001BD151EA000309D1A06801280DD802255E
:1041200084F83150284605B0BDE8F08F216C204658
:104130000192FEF763FA019AEFE7431C04D10123D1
:10414000009D84F83130EDE72064DDF80CB0216C7F
:104150005846FDF7EBFF0028E1D0B6F5007F02EBF3
:10416000000731D3BBF80A1002EB5620730A8842CD
:104170009BF8010088BF8B1A3A464146019302F032
:1041800051FC0028DBD194F93020019B002A0BDA86
:10419000606CC01B984207D24FF40072514608EB86
:1041A0004020FDF79FFD019B5F02D9F80030F61B10
:1041B000B8443B44C9F80030D4E90E32DB1942F16F
:1041C0000002C4E90E3294E7626CBA421AD094F944
:1041D0003030002B0DDA012351469BF8010002F02C
:1041E00045FC0028ABD194F8303003F07F0384F80D
:1041F0003030039801233A465146407802F012FCD1
:1042000000289CD16764A16B4046C1F30801C1F549
:1042100000775144B74228BF37463A46FDF762FD62
:10422000C3E707257EE7000070B596B00E46002272
:10423000019002A901A8FEF795FC0446E0B94FF4ED
:104240008C6003F087F80546D8B1029B00F5007238
:104250000199D86002A81A61FFF7ECFB044640B947
:104260009DF95330002B0ADB1EB1314602A8FDF741
:10427000EDFF284603F07EF8204616B070BD0624F8
:10428000F7E71124F8E7000070B5B8B002220190FA
:1042900003A901A8FEF766FC044608BB039B4FF484
:1042A0008C60109303F056F80546002866D0039BF7
:1042B00000F500720199D86010A81A61FFF7BAFBE7
:1042C000044650B99DF88B30980655D4190653D43E
:1042D0009DF84630DA0706D50724284603F04AF849
:1042E000204638B070BD039B04931878042814D17D
:1042F00004A91869FFF780FB069E9DF84630DB068F
:1043000010D410A8FEF776FF04460028E5D156BB6E
:104310000398FEF7DBFB0446DFE71F99FFF782FBFC
:104320000646EAE7039BDA69B242D5D0249300211E
:10433000269624A81B78042B01BFDDE90823CDE9CC
:1043400028239DF817308DF89730FEF7EFF90446D3
:104350000028C2D124A8FFF741F804460028BBD0AA
:104360000428BAD1CDE70246314604A8FEF7C2FAC6
:1043700004460028B1D1CBE70624AEE71124AFE70D
:10438000F0B5BDB0CDE900106846FDF70FFF022281
:1043900003A901A8FEF7E6FB0446002841D1039BD0
:1043A0004FF48C60149302F0D5FF0546002800F00E
:1043B000EE80039B00F5007214AE0199D8601A617B
:1043C0003046FFF737FB044640BB9DF89B3013F0A7
:1043D000A00F40F0D880039B009F1A78042A68D170
:1043E0001B6904AC03F1400C1868083353F8041C33
:1043F0002246634503C21446F6D15022314628A80E
:10440000FDF770FC394628A8FFF714FB0446002886
:104410004CD12A9A169B9A4206D00824284602F0CC
:10442000A9FF20463DB0F0BD349A209B9A42F4D1BA
:1044300028A8FFF733F904460028EFD1039B04AF07
:104440001B6993F801E093F823C09C8C3A4608332B
:1044500003CAB24243F8080C43F8041C1746F5D1CE
:10446000039B28A81B6983F801E0039B1A6982F863
:1044700023C01A6982F82440240A82F825401A6968
:104480001379D9065CBF43F020031371FEF776FF62
:1044900004460028C2D13046FEF7ACFE0446002890
:1044A000BCD10398FEF712FB0446B7E70428B5D148
:1044B000BEE7239A04AB02F1200C1068083252F8D0
:1044C000041C1C46624503C42346F6D150223146E3
:1044D00028A8FDF707FC394628A8FFF7ABFA0446E1
:1044E00000284CD12A9A169B9A4296D1349A209B46
:1044F0009A4292D128A8FFF7D1F8044600288DD11E
:1045000037990DF11D030DF12D0001F10D0253F846
:10451000044B834242F8044BF9D1188801271080DC
:104520009B7893709DF81B30039CDA0658BF43F0CC
:104530002003CB72E770CB7ADB06ACD5169A2A9BA8
:104540009A42A8D02078FFF76DFA01462046FDF781
:10455000EDFD0146C8B12046FDF798FF044600284E
:104560007FF45CAF039890F86D302E2B93D12A9A8C
:1045700000F16C01FDF7E6FD039BDF708BE704287B
:104580007FF44CAFB6E7062448E7022446E711243F
:1045900047E700007F2810B501D880B210BDB0F504
:1045A000803F13D240F2523399420FD10849002282
:1045B00031F8024B93B2844203D103F18000C0B2C0
:1045C000ECE70132802AF3D11346F6E70020E5E755
:1045D000A49500087F280DD940F25233994208D1A2
:1045E000FF2806D800F10040034B803833F8100054
:1045F00070470020704700BFA4950008B0F5803FC9
:10460000F0B522D21F4A83B21F49B0F5805F28BFA0
:104610000A46141D34F8042C2146AAB1934213D340
:1046200034F8025C2E0AEFB252FA85F5A84222DA7B
:10463000082E09D8DFE806F0050A10121416181A19
:104640001C00801A34F810301846F0BD981A00F09B
:1046500001001B1A9BB2F7E7103BFBE7203BF9E791
:10466000303BF7E71A3BF5E70833F3E7503BF1E758
:10467000A3F5E353EEE70434002ECBD101EB470260
:10468000C7E700BFF4920008E894000808B5074B9C
:10469000074A196801F03D01996053680BB19068B1
:1046A0009847BDE8084003F0D7B800BF00000240BB
:1046B0004436002008B5084B1968890901F03D010E
:1046C0008A019A60054AD3680BB110699847BDE822
:1046D000084003F0C1B800BF00000240443600208B
:1046E00008B5084B1968090C01F03D010A049A60ED
:1046F000054A53690BB190699847BDE8084003F03B
:10470000ABB800BF000002404436002008B5084B9B
:104710001968890D01F03D018A059A60054AD3693F
:104720000BB1106A9847BDE8084003F095B800BF88
:10473000000002404436002008B5074B074A59687C
:1047400001F03D01D960536A0BB1906A9847BDE80A
:10475000084003F081B800BF00000240443600204A
:1047600008B5084B5968890901F03D018A01DA60F2
:10477000054AD36A0BB1106B9847BDE8084003F0B7
:104780006BB800BF000002404436002008B5084B5B
:104790005968090C01F03D010A04DA60054A536BBF
:1047A0000BB1906B9847BDE8084003F055B800BFC7
:1047B000000002404436002008B5084B5968890DB6
:1047C00001F03D018A05DA60054AD36B0BB1106C2C
:1047D0009847BDE8084003F03FB800BF0000024022
:1047E0004436002008B5074B074A196801F03D011F
:1047F0009960536C0BB1906C9847BDE8084003F08A
:104800002BB800BF000402404436002008B5084B16
:104810001968890901F03D018A019A60054AD36C43
:104820000BB1106D9847BDE8084003F015B800BF04
:10483000000402404436002008B5084B1968090CF2
:1048400001F03D010A049A60054A536D0BB1906D69
:104850009847BDE8084002F0FFBF00BF00040240D7
:104860004436002008B5084B1968890D01F03D0158
:104870008A059A60054AD36D0BB1106E9847BDE862
:10488000084002F0E9BF00BF0004024044360020A7
:1048900008B5074B074A596801F03D01D960536ECE
:1048A0000BB1906E9847BDE8084002F0D5BF00BF3D
:1048B000000402404436002008B5084B59688909B5
:1048C00001F03D018A01DA60054AD36E0BB1106F29
:1048D0009847BDE8084002F0BFBF00BF0004024097
:1048E0004436002008B5084B5968090C01F03D0119
:1048F0000A04DA60054A536F0BB1906F9847BDE820
:10490000084002F0A9BF00BF000402404436002066
:1049100008B5084B5968890D01F03D018A05DA6038
:10492000054AD36F13B1D2F880009847BDE808401C
:1049300002F092BF000402404436002000230C49DC
:1049400010B51A460B4C0B6054F82300026001EBC3
:10495000430004334260402BF6D1074A4FF0FF3347
:104960009360D360C2F80834C2F80C3410BD00BFA5
:1049700044360020A4960008000002400F28F8B535
:1049800010D9102810D0112811D0122808D10F24C6
:104990000720DFF8B4E00126DEF80050A04208D975
:1049A000002649E00446F4E70F240020F1E707243D
:1049B000FBE706FA00F73D4240D1214C4FEA001CCC
:1049C0003D4304EB00160EEBC000CEF80050C0E9EA
:1049D0000123FBB24BB11B48836B43F0010383639C
:1049E000036E43F001030366036E17F47F4F09D093
:1049F0001448836B43F002038363036E43F00203A6
:104A00000366036E54F80C00036823F01F03036071
:104A1000056815F00105FBD104EB0C033D2493F868
:104A20000CC05F6804FA0CF43C602124056044610A
:104A300012B1987B00F0C0FC3046F8BD0130ADE704
:104A4000A4960008004502584436002010B53024D2
:104A500084F31188FFF792FF002383F3118810BDC0
:104A600010B50446807B00F0BDFC01231049627B39
:104A700003FA02F20B6823EA0203DAB20B604AB9C6
:104A80000C4A916B21F001019163116E21F001013B
:104A90001166126E13F47F4F09D1064B9A6B22F008
:104AA00002029A631A6E22F002021A661B6E10BD91
:104AB000443600200045025808B5302383F311889E
:104AC000FFF7CEFF002383F3118808BD836CC26A11
:104AD0008B42506810B506D95A1E4C0002EB4103B8
:104AE000B3FBF4F3184410BD01F001038A0748BF7B
:104AF00043F002034A0748BF43F008030A0748BFD0
:104B000043F00403CA0648BF43F010038A06426B11
:104B100048BF43F0200313434363704710B5074C6D
:104B2000204600F0CBFF064B0022C4E91023054BC2
:104B3000A364054BE363054BE36410BDC836002056
:104B40000070005200B4C4041C3700201C3900203F
:104B5000C36A0BB90E4BC3620379012B0CD10D4B09
:104B6000984209D10C4B5A6B42F480325A63DA6D89
:104B700042F48032DA65DB6D436C00221A65DA623A
:104B80001A605A605A624FF0FF329A63704700BF52
:104B9000A4970008C8360020004502580379012B6D
:104BA00020D0436C00221A65DA621A605A605A6299
:104BB0004FF0FF329A630C4B984213D10B4BDA6FD4
:104BC00042F48032DA67DA6F22F48032DA67DB6F20
:104BD000074B5A6B22F480325A63DA6D22F480322A
:104BE000DA65DB6D704700BFC8360020004402580C
:104BF0000045025810B5446C0649FFF767FF606036
:104C0000236842F2107043F003032360BDE81040B4
:104C100001F06ABD801A06000129F8B5466C0B4FF9
:104C200009D175680A493D40FFF750FF054345F437
:104C300080557560F8BD746806493C40FFF746FF33
:104C4000044344F480547460F4E700BF00ECFFFFB9
:104C500080F0FA0240787D01436C00225A601A60AD
:104C600070470000426C0129536823F4404304D08C
:104C7000022905D001B95360704743F48043FAE735
:104C800043F40043F7E70000436C41F480519A601D
:104C9000D9605A6B1206FCD580229A6370470000D7
:104CA00010B541F48851446CA260E160616B11F071
:104CB0004502FBD0A26311F0040203D0FFF714FFFA
:104CC000012010BD616910461960FAE710B541F482
:104CD0008851446CA260E160616B11F04502FBD029
:104CE000A26311F0050203D0FFF7FEFE012010BD04
:104CF000616910461960FAE773B5134604460E461B
:104D0000302282F31188426CD26B32B14FF0FF3106
:104D10004030019301F0F4FC019B606C00220265BD
:104D2000C263C262456B15F4807504D185F31188A6
:104D3000012002B070BD4FF0FF31816382F3118812
:104D4000012E06D90C21204602B0BDE87040FFF7C5
:104D5000BDBF1046EDE7000073B5446C0E4600255C
:104D60000192616BA1632565E562FFF7BDFE012E2F
:104D700007D9019B2A460C2102B0BDE87040FFF71D
:104D8000A5BF02B070BD000010B541F49851446C4D
:104D9000A260E160616B11F04502FBD0A26311F0EB
:104DA0003F0203D0FFF7A0FE012010BD216A10468C
:104DB0001960E1695960A16999606169D960F4E796
:104DC0002DE9F74304460191006D01A91746984665
:104DD00002F05CFC064600284AD0626C2046DDF8F2
:104DE00004905568C5F3090501356B00A56CB5FB4A
:104DF000F3F54FF47A73B5FBF3F55D43556200F0BC
:104E000023FE50BB636C4FF0FF3201254146C3F8CF
:104E1000589020461D659A634FF49572DA6342F20A
:104E200007029F62DA62E36C0A9AFFF74FFFA0B9AC
:104E3000E26C104B11680B407BB929462046FFF706
:104E40005BFF054648B92E463A460199206D02F0AF
:104E500055FC304603B0BDE8F083E26C20460121EA
:104E6000FFF77AFF3A460199206D02F047FCF0E720
:104E70000126EEE708E0FFFD2DE9F7431F46436CEE
:104E800001924FF47A725D6804468846C5F30905BD
:104E900001356E00856CB5FBF6F5B5FBF2F55543B3
:104EA0005D6200F0D1FD20B10125284603B0BDE8C8
:104EB000F0837E0201A9206D324602F0E7FB054631
:104EC0000028F1D0636C019AD4F84C909A650122C5
:104ED0001A654FF0FF329A634FF49572DA639E625F
:104EE000236BDB064B4658BF4FEA4828012F42464A
:104EF0001BD912212046FFF7E9FEC0B9D9F80020DE
:104F0000104B13409BB9636C42F293023946204622
:104F1000DA62E26CFFF7F0FE804640B93246019952
:104F2000206D454602F0EAFBBFE71121E2E7E26CA3
:104F300039462046FFF710FF32460199206D02F0F6
:104F4000DDFBB2E708E0FFFD2DE9F3411F46436CAE
:104F500001924FF47A725D6804468846C5F30905EC
:104F600001356E00856CB5FBF6F5B5FBF2F55543E2
:104F70005D6200F069FD20B10125284602B0BDE860
:104F8000F0817E0201A9206D324602F0CFFB05467A
:104F90000028F1D0636C019A9A6501221A654FF0DE
:104FA000FF329A634FF48D72DA639E62236BE66C74
:104FB000DB06334658BF4FEA4828012F424619D92D
:104FC00019212046FFF782FEB0B932680F4B13401B
:104FD00093B9636C42F2910239462046DA62E26C80
:104FE000FFF78AFE064638B901993546206D02F072
:104FF000D9FBC2E71821E4E739462046E26CFFF707
:10500000ABFE0199206D02F0CDFBB6E708E0FFFD95
:1050100012F0030F2DE9F04107460C4615461E46D7
:1050200017D00E44B44202D10020BDE8F081012324
:10503000FA6B21463846FFF71FFF0028F5D12846B6
:105040004FF40072F96B05F500750134FCF74AFE68
:10505000E8E7BDE8F041FFF70FBF000012F0030FD3
:105060002DE9F04107460C4615461E4617D00E4462
:10507000B44202D10020BDE8F08129464FF400720D
:10508000F86B05F50075FCF72DFE0123FA6B214640
:105090003846FFF759FF0028EDD10134E8E7BDE8B5
:1050A000F041FFF751BF000000207047302310B5DA
:1050B00083F311880024436C40302146DC6301F007
:1050C0002DFB84F3118810BD026843681143016011
:1050D00003B1184770470000024A136843F0C00349
:1050E0001360704700440040024A136843F0C00355
:1050F0001360704700480040024A136843F0C00341
:105100001360704700780040044B9A6C02439A6425
:105110001A6F104318671B6F704700BF0045025895
:1051200037B5274C274D204600F028FD04F1140028
:10513000009400234FF40072234900F0C3F94FF4A8
:105140000072224904F138000094214B00F03CFA2F
:10515000204BC4E91735204C204600F00FFD04F128
:105160001400009400234FF400721C4900F0AAF9C7
:105170004FF400721A4904F138000094194B00F002
:1051800023FA194BC4E91735184C204600F0F6FCF9
:1051900004F1140000234FF400721549009400F04C
:1051A00091F9144B4FF40072134904F13800009444
:1051B00000F00AFA114BC4E9173503B030BD00BF47
:1051C0002039002000E1F505643A00206440002009
:1051D000D9500008004400408C390020643C002075
:1051E00064420020E950000800480040F8390020DF
:1051F000643E0020F950000864440020007800401C
:1052000038B5264D0446037C002918BF0D46012BF6
:1052100006D1234B984230D14FF40030FFF774FF92
:105220002A68236EE16D03EB5203A566B3FBF2F32C
:105230006A68100442BF23F0070003F0070343EA43
:105240004003CB60AB6843F040034B60EB6843F036
:1052500001038B6042F4967343F001030B604FF03F
:10526000FF330B62510505D512F0102211D0B2F1B7
:10527000805F10D084F8643038BD0A4B984205D066
:10528000094B9842CCD14FF08040C7E74FF48020C3
:10529000C4E77F23EEE73F23ECE700BFAC970008AD
:1052A000203900208C390020F83900202DE9F04702
:1052B000C66D05463768F469210734621AD014F0C8
:1052C000080118BF4FF48071E20748BF41F0200188
:1052D000A3074FF0300348BF41F04001600748BFCB
:1052E00041F0800183F31188281DFFF7EDFE0023B4
:1052F00083F31188E2050AD5302383F311884FF434
:105300008061281DFFF7E0FE002383F311884FF032
:1053100030094FF0000A14F0200838D13B0616D5AA
:105320004FF0300905F1380A200610D589F31188AD
:10533000504600F07DF9002836DA0821281DFFF7D5
:10534000C3FE27F080033360002383F311887906BE
:1053500014D5620612D5302383F31188D5E91323BF
:105360009A4208D12B6C33B127F040071021281D39
:10537000FFF7AAFE3760002383F31188E30618D5F0
:10538000AA6E1369ABB15069BDE8F047184789F3BD
:105390001188736A284695F86410194000F008FCDB
:1053A0008AF31188F469B6E7B06288F31188F4696A
:1053B000BAE7BDE8F0870000090100F1604301226F
:1053C00003F56143C9B283F8001300F01F039A404C
:1053D00043099B0003F1604303F56143C3F8802157
:1053E0001A60704700F01F0301229A40430900F140
:1053F00060409B0000F5614003F1604303F56143A9
:10540000C3F88020C3F88021002380F80033704760
:10541000F8B51546826804460B46AA4200D2856854
:10542000A1692669761AB5420BD218462A46FCF7BE
:1054300059FCA3692B44A3612846A3685B1BA360A6
:10544000F8BD0CD9AF1B18463246FCF74BFC3A4668
:10545000E1683044FCF746FCE3683B44EBE7184660
:105460002A46FCF73FFCE368E5E7000083689342C7
:10547000F7B50446154600D28568D4E90460361AAB
:10548000B5420BD22A46FCF72DFC63692B446361BD
:105490002846A3685B1BA36003B0F0BD0DD932465C
:1054A000AF1B0191FCF71EFC01993A46E0683144BC
:1054B000FCF718FCE3683B44E9E72A46FCF712FCDA
:1054C000E368E4E710B50A440024C361029B8460EA
:1054D000C16002610362C0E90000C0E9051110BDAE
:1054E00008B5D0E90532934201D1826882B9826859
:1054F000013282605A1C426119700021D0E90432E5
:105500009A4224BFC368436101F022F9002008BD1C
:105510004FF0FF30FBE7000070B5302304460E4625
:1055200083F31188A568A5B1A368A269013BA360B4
:10553000531CA36115782269934224BFE368A361D9
:10554000E3690BB120469847002383F3118828466E
:1055500007E03146204601F0EBF80028E2DA85F357
:10556000118870BD2DE9F74F04460E461746984640
:10557000D0F81C904FF0300A8AF311884FF0000BDE
:10558000154665B12A4631462046FFF741FF0346DE
:1055900060B94146204601F0CBF80028F1D0002345
:1055A00083F31188781B03B0BDE8F08FB9F1000FC9
:1055B00003D001902046C847019B8BF31188ED1A58
:1055C0001E448AF31188DCE7C160C361009B8260DE
:1055D0000362C0E905111144C0E900000161704790
:1055E000F8B504460D461646302383F31188A768A4
:1055F000A7B1A368013BA36063695A1C62611D7077
:10560000D4E904329A4224BFE3686361E3690BB1D1
:1056100020469847002080F3118807E03146204655
:1056200001F086F80028E2DA87F31188F8BD00005F
:10563000D0E9052310B59A4201D182687AB982680F
:105640000021013282605A1C82611C7803699A42EF
:1056500024BFC368836101F07BF8204610BD4FF082
:10566000FF30FBE72DE9F74F04460E4617469846F4
:10567000D0F81C904FF0300A8AF311884FF0000BDD
:10568000154665B12A4631462046FFF7EFFE034630
:1056900060B94146204601F04BF80028F1D00023C4
:1056A00083F31188781B03B0BDE8F08FB9F1000FC8
:1056B00003D001902046C847019B8BF31188ED1A57
:1056C0001E448AF31188DCE70379052B05BF836A42
:1056D000002001204B6004BF4FF400730B60704743
:1056E00070B55D1E866A04460D44B54205D9436B0C
:1056F00043F080034363012070BD06250571FFF769
:1057000087FC05232371F7E770B55D1E866A0446A2
:105710000D44B54205D9436B43F080034363012038
:1057200070BD07250571FFF799FC05232371F7E785
:1057300038B505790446052D05D108230371FFF717
:10574000B3FC257138BD0120FCE700000323F0B550
:10575000037185B00446FFF74DFA0022204611463A
:10576000FFF792FA4FF4D57203AB08212046FFF7FA
:10577000ADFA0246B8B901232363039BC3F30323A5
:10578000012B09D103AB37212046FFF79FFA18B947
:10579000A44B039A1340ABB120460125FFF75CFAF6
:1057A0000223237137E103AB002237212046FFF7A4
:1057B0008DFA28B99B4A039B1A40002A00F0A78063
:1057C00002232363236B03F00F03022B40F0A98015
:1057D0006425954E42F2107000F086FF03AB32460E
:1057E00001212046FFF75CFA0028D5D1039B002B4E
:1057F00080F293805A0003D5236B43F01003236398
:10580000002204F1080302212046FFF7BDFA0246F8
:105810000028C1D104F1380303212046FFF756FACE
:105820000028B9D104F11805A26B092120462B46A6
:10583000FFF7AAFA0028AFD102ABA26B07212046DE
:10584000FFF744FA06460028A6D1236B03F00F03A6
:10585000022B40F08F807E227F21284603F062F9E0
:10586000012840F28780E76B42F2107000F03CFFA5
:1058700008234FF40072394620460096FFF7A0FA3D
:10588000002889D1384603F09BF9236BA06203F00E
:105890000F03022B72D103AB644A06212046FFF7A7
:1058A00015FA002871D15F49039B1940B1FA81F1C3
:1058B00049092046FFF7B0F902AB4FF400721021FE
:1058C0002046FFF703FA054600287FF465AF554EE2
:1058D000029B33427FF460AF236B13F00E0F03F093
:1058E0000F0273D0022A7FF457AFE36A19780129B7
:1058F00000F09480022900F09380002900F0898054
:105900004B4F2046FFF7AEF903AB3A4676E011461F
:1059100020462263FFF7B8F954E7013D7FF45AAF00
:105920003AE7444D6426444A3E4F012B18BF1546C2
:1059300003AB002237212046FFF7C8F900287FF487
:105940002BAF039B3B427FF427AF03AB2A462921B1
:105950002046FFF7A5F900287FF41EAF039B002B1C
:10596000FFF648AF013E3FF417AF42F2107000F06F
:10597000BBFEDDE7284603F0F7F886E77E227F21AD
:105980002846E66B03F0CEF808B9002191E7002322
:1059900040223146204600930623FFF711FA0028E3
:1059A000F3D1B3895BBA9B07EFD5244B4022314634
:1059B000204600930623FFF703FA0028E5D1317C47
:1059C00001F00F010F3918BF012172E7E36A19785E
:1059D000F9B101297FF4E0AE2046FFF743F903ABAC
:1059E000A26B37212046FFF771F900287FF4D4AE6F
:1059F000039B33427FF4D0AE03AB02220621204644
:105A0000FFF764F900287FF4C7AE039B33427FF4AD
:105A1000C3AE05232371284605B0F0BD084F70E7DB
:105A2000084F6EE708E0FFFD0080FFC00001B903EA
:105A30000000B7030080FF5000001080F1FFFF80DE
:105A40000001B7030002B70337B504460C4D01ABA4
:105A5000A26B0D212046FFF739F978B9019B2B4243
:105A60000BD1C3F34323042B08D0053B022B04D8EE
:105A70004FF47A7000F038FEE9E7012003B030BD42
:105A800008E0FFFD70B53023054683F311880379E4
:105A90000024022B03D184F31188204670BD042317
:105AA000037184F311880226FFF7CEFF04462846CF
:105AB000FFF7D2F82E71F0E7FFF730B8044B036020
:105AC0000123037100234363C0E90A33704700BF19
:105AD000C497000810B53023044683F31188C162CF
:105AE000FFF736F802230020237180F3118810BDE0
:105AF00010B53023044683F31188FFF74FF80023D5
:105B00000122E362227183F3118810BD02684368A9
:105B10001143016003B11847704700001430FFF7CC
:105B200021BD00004FF0FF331430FFF71BBD000014
:105B30003830FFF797BD00004FF0FF333830FFF7E4
:105B400091BD00001430FFF7E7BC00004FF0FF31BB
:105B50001430FFF7E1BC00003830FFF741BD000012
:105B60004FF0FF323830FFF73BBD0000012914BF72
:105B70006FF0130000207047FFF7D2BA044B0360A8
:105B800000234360C0E9023301230374704700BF60
:105B9000E897000810B53023044683F31188FFF717
:105BA0002FFB02230020237480F3118810BD000016
:105BB00038B5C36904460D461BB904210844FFF7F4
:105BC000A5FF294604F11400FFF78AFC002806DA35
:105BD000201D4FF40061BDE83840FFF797BF38BD86
:105BE000026843681143016003B118477047000021
:105BF00013B5406B00F58054D4F8A4381A681178B6
:105C0000042914D1017C022911D1197901231289A7
:105C10008B4013420BD101A94C3002F0B1FED4F8F5
:105C2000A4480246019B2179206800F0DFF902B008
:105C300010BD0000143002F033BE00004FF0FF33FF
:105C4000143002F02DBE00004C3002F005BF000001
:105C50004FF0FF334C3002F0FFBE0000143002F072
:105C600001BE00004FF0FF31143002F0FBBD000018
:105C70004C3002F0D1BE00004FF0FF324C3002F049
:105C8000CBBE00000020704710B500F58054D4F85A
:105C9000A4381A681178042917D1017C022914D17B
:105CA0005979012352898B4013420ED1143002F0EE
:105CB00093FD024648B1D4F8A4484FF4407361798B
:105CC0002068BDE8104000F07FB910BD406BFFF7C1
:105CD000DBBF0000704700007FB5124B0125042692
:105CE000044603600023057400F1840243602946E2
:105CF000C0E902330C4B0290143001934FF440730F
:105D0000009602F045FD094B04F69442294604F141
:105D10004C000294CDE900634FF4407302F00CFE96
:105D200004B070BD10980008CD5C0008F15B00085D
:105D30000A68302383F311880B790B3342F8230070
:105D40004B79133342F823008B7913B10B3342F8AC
:105D5000230000F58053C3F8A41802230374002025
:105D600080F311887047000038B5037F044613B1F3
:105D700090F85430ABB90125201D0221FFF730FF08
:105D800004F114006FF00101257700F0EDFC04F13F
:105D90004C0084F854506FF00101BDE8384000F029
:105DA000E3BC38BD10B5012104460430FFF718FFED
:105DB0000023237784F8543010BD000038B5044622
:105DC0000025143002F0FCFC04F14C00257702F0B1
:105DD000CBFD201D84F854500121FFF701FF204620
:105DE000BDE83840FFF750BF90F8803003F0600303
:105DF000202B06D190F881200023212A03D81F2AC6
:105E000006D800207047222AFBD1C0E91D3303E0E9
:105E1000034A426707228267C3670120704700BFB9
:105E20004422002037B500F58055D5F8A4381A680B
:105E3000117804291AD1017C022917D1197901237B
:105E400012898B40134211D100F14C04204602F01C
:105E50004BFE58B101A9204602F092FDD5F8A448A6
:105E60000246019B2179206800F0C0F803B030BDE4
:105E700001F10B03F0B550F8236085B004460D46E0
:105E8000FEB1302383F3118804EB8507301D082110
:105E9000FFF7A6FEFB6806F14C005B691B681BB1AF
:105EA000019002F07BFD019803A902F069FD024612
:105EB00048B1039B2946204600F098F8002383F35D
:105EC000118805B0F0BDFB685A691268002AF5D048
:105ED0001B8A013B1340F1D104F18002EAE7000084
:105EE000133138B550F82140ECB1302383F31188D9
:105EF00004F58053D3F8A4281368527903EB820386
:105F0000DB689B695D6845B104216018FFF768FE96
:105F1000294604F1140002F069FC2046FFF7B4FEA4
:105F2000002383F3118838BD7047000001F08EBD57
:105F300001234022002110B5044600F8303BFBF756
:105F4000F7FE0023C4E9013310BD000010B5302373
:105F5000044683F311882422416000210C30FBF7B2
:105F6000E7FE204601F094FD02230020237080F319
:105F7000118810BD70B500EB8103054650690E46CF
:105F80001446DA6018B110220021FBF7D1FEA06997
:105F900018B110220021FBF7CBFE31462846BDE8A0
:105FA000704001F075BE000083682022002103F0DC
:105FB000011310B5044683601030FBF7B9FE20468C
:105FC000BDE8104001F0F0BEF0B4012500EB810403
:105FD00047898D40E4683D43A469458123600023DF
:105FE000A2606360F0BC01F00DBF0000F0B40125B9
:105FF00000EB810407898D40E4683D4364690581B5
:1060000023600023A2606360F0BC01F083BF000046
:1060100070B5022300250446242203702946C0F8E7
:1060200088500C3040F8045CFBF782FE204684F870
:10603000705001F0C1FD63681B6823B129462046FA
:10604000BDE87040184770BD0378052B10B50446B5
:106050000AD080F88C300523037043681B680BB1AD
:10606000042198470023A36010BD00000178052992
:1060700006D190F88C20436802701B6803B1184762
:106080007047000070B590F87030044613B10023DB
:1060900080F8703004F18002204601F0A9FE6368A8
:1060A0009B68B3B994F8803013F0600535D00021B7
:1060B000204602F09BF90021204602F08BF963682C
:1060C0001B6813B1062120469847062384F87030D8
:1060D00070BD204698470028E4D0B4F88630A26FFF
:1060E0009A4288BFA36794F98030A56F002B4FF0C8
:1060F000300380F20381002D00F0F280092284F841
:10610000702083F3118800212046D4E91D23FFF776
:106110006DFF002383F31188DAE794F8812003F000
:106120007F0343EA022340F20232934200F0C5802B
:1061300021D8B3F5807F48D00DD8012B3FD0022B5A
:1061400000F09380002BB2D104F188026267022232
:10615000A267E367C1E7B3F5817F00F09B80B3F5E9
:10616000407FA4D194F88230012BA0D1B4F88830BC
:1061700043F0020332E0B3F5006F4DD017D8B3F50A
:10618000A06F31D0A3F5C063012B90D8636820467F
:1061900094F882205E6894F88310B4F88430B04795
:1061A000002884D0436863670368A3671AE0B3F5E7
:1061B000106F36D040F6024293427FF478AF5C4BCA
:1061C00063670223A3670023C3E794F88230012B9F
:1061D0007FF46DAFB4F8883023F00203A4F8883060
:1061E000C4E91D55E56778E7B4F88030B3F5A06FD2
:1061F0000ED194F88230204684F88A3001F03AFDBE
:1062000063681B6813B1012120469847032323705C
:106210000023C4E91D339CE704F18B03636701236A
:10622000C3E72378042B10D1302383F31188204651
:10623000FFF7BAFE85F311880321636884F88B5059
:1062400021701B680BB12046984794F88230002BD0
:10625000DED084F88B300423237063681B68002B26
:10626000D6D0022120469847D2E794F884302046C1
:106270001D0603F00F010AD501F0ACFD012804D082
:1062800002287FF414AF2B4B9AE72B4B98E701F0D1
:1062900093FDF3E794F88230002B7FF408AF94F875
:1062A000843013F00F01B3D01A06204602D502F055
:1062B000B5F8ADE702F0A6F8AAE794F88230002B13
:1062C0007FF4F5AE94F8843013F00F01A0D01B06D4
:1062D000204602D502F08AF89AE702F07BF897E7A9
:1062E000142284F8702083F311882B462A4629460D
:1062F0002046FFF769FE85F31188E9E65DB11522B6
:1063000084F8702083F3118800212046D4E91D23EE
:10631000FFF75AFEFDE60B2284F8702083F3118804
:106320002B462A4629462046FFF760FEE3E700BFDA
:1063300040980008389800083C98000838B590F854
:1063400070300446002B3ED0063BDAB20F2A34D818
:106350000F2B32D8DFE803F03731310822323131E8
:106360003131313131313737856FB0F886309D4268
:1063700014D2C3681B8AB5FBF3F203FB12556DB947
:10638000302383F311882B462A462946FFF72EFE39
:1063900085F311880A2384F870300EE0142384F802
:1063A0007030302383F31188002320461A461946A3
:1063B000FFF70AFE002383F3118838BDC36F03B1D2
:1063C00098470023E7E70021204602F00FF800215C
:1063D000204601F0FFFF63681B6813B106212046C9
:1063E00098470623D7E7000010B590F870300446B0
:1063F000142B29D017D8062B05D001D81BB110BDFE
:10640000093B022BFBD80021204601F0EFFF0021C1
:10641000204601F0DFFF63681B6813B106212046A8
:106420009847062319E0152BE9D10B2380F870302B
:10643000302383F3118800231A461946FFF7D6FD4F
:10644000002383F31188DAE7C3689B695B68002B3C
:10645000D5D1C36F03B19847002384F87030CEE7DD
:106460000023826880F8243083691B689968914210
:10647000FBD25A68036042601060586070470000A9
:106480000023826880F8243083691B6899689142F0
:10649000FBD85A6803604260106058607047000083
:1064A00008B50846302383F3118891F82430032B74
:1064B00005D0042B0DD02BB983F3118808BD8B6A4E
:1064C00000221A604FF0FF338362FFF7C9FF0023F9
:1064D000F2E7D1E9003213605A60F3E7034610B5E2
:1064E0001B68984203D09C688A689442F8D25A6824
:1064F0000B604A601160596010BD0000FFF7B0BF2B
:1065000038B50B4B1C68DD6885F8240022685360A1
:106510001A600122DC60A36884F82420934201D130
:1065200001F05EF929462046BDE83840F9F76ABF18
:10653000684600200C4B30B5DD684B1C87B0044624
:106540000FD02B46094A684600F0A2F92046FFF713
:10655000D7FF009B13B1684600F0A4F9A86A07B002
:1065600030BDFFF7CDFFF9E768460020A1640008C1
:10657000044B1A68DB6890689B68984294BF0020BF
:10658000012070476846002038B50C4B1C68DD6858
:10659000226853601A600122DC6084F82420AB6812
:1065A000934201D101F01EF92846FFF769FF014629
:1065B0002046BDE83840F9F725BF00BF68460020F7
:1065C000044B1A68DB6892689B689A4201D9FFF70E
:1065D000DBBF70476846002038B50123084C002512
:1065E0002370656002F01AFB02F040FB0549064883
:1065F00002F016FC0223237085F3118838BD00BF1A
:1066000010490020489800086846002000F080B932
:10661000034A516853685B1A9842FBD8704700BF21
:10662000001000E08B604B630023CA6100F1280278
:106630000B6302230A618B840123886181F8263071
:1066400001F11003C26A4A611360C36201F12C03B5
:106650000846CB6270470000D0E90131026841F87A
:10666000183CA1F19C033839CB60036941F8243C04
:10667000436941F8203C034B41F8043CC36802489D
:10668000FFF7D0BF1D0400086846002008B5FFF7DB
:10669000E3FFBDE80840FFF731BF000038B50E4BFF
:1066A000DC6804F12C05A062E06AA8420FD194F8DE
:1066B00026303BB994F825309B0702BFD4E9043259
:1066C00013605A600F20BDE83840FFF719BF036818
:1066D000E362FFF713FFE7E768460020302383F308
:1066E0001188FFF7DBBF000008B50146302383F3B4
:1066F00011880820FFF71EFF002383F3118808BDCF
:10670000054BDB6821B1036098620320FFF712BFDD
:106710004FF0FF30704700BF6846002003682BB180
:106720000022026018469962FFF7E8BE7047000039
:10673000064BDB6839B1426818605A6013604360E9
:106740000420FFF7F7BE4FF0FF3070476846002087
:106750000368984206D01A68026050601846996231
:10676000FFF7CCBE7047000038B504460D462068E0
:10677000844200D138BD036823605C608562FFF706
:10678000BDFEF4E7036810B59C68A2420CD85C68B3
:106790008A600B604C602160596099688A1A9A601F
:1067A0004FF0FF33836010BD121B1B68ECE7000045
:1067B0000A2938BF0A2170B504460D460A26601919
:1067C00002F026FA02F00EFA041BA54203D8751C4B
:1067D00004462E46F3E70A2E04D90120BDE8704096
:1067E00002F0E6BB70BD0000F8B5144B0D460A2A56
:1067F0004FF00A07D96103F11001826038BF0A2205
:10680000416019691446016048601861A81802F0D7
:10681000EFF902F0E7F9431B0646A34206D37C1CBE
:1068200028192746354602F0F3F9F2E70A2F04D972
:106830000120BDE8F84002F0BBBBF8BD684600206F
:10684000F8B506460D4602F0CDF90F4A134653F847
:10685000107F9F4206D12A4601463046BDE8F840E7
:10686000FFF7C2BFD169BB68441A2C1928BF2C4658
:10687000A34202D92946FFF79BFF2246314603482F
:10688000BDE8F840FFF77EBF68460020784600204C
:10689000C0E90323002310B45DF8044B4361FFF704
:1068A000CFBF000010B5194C236998420DD0816804
:1068B000D0E9003213605A609A680A449A60002353
:1068C00003604FF0FF33A36110BD0268234643F815
:1068D000102F53600022026022699A4203D1BDE862
:1068E000104002F08FB9936881680B44936002F006
:1068F00079F92269E1699268441AA242E4D9114403
:10690000BDE81040091AFFF753BF00BF68460020DA
:106910002DE9F047DFF8BC8008F110072C4ED8F8BD
:10692000105002F05FF9D8F81C40AA68031B9A4285
:106930003ED814444FF00009D5E90032C8F81C4095
:1069400013605A60C5F80090D8F81030B34201D1F6
:1069500002F058F989F31188D5E9033128469847A0
:10696000302383F311886B69002BD8D002F03AF9F9
:106970006A69A0EB040982464A450DD2022002F062
:1069800017FB0022D8F81030B34208D151462846F0
:10699000BDE8F047FFF728BF121A2244F2E712EBD6
:1069A00009092946384638BF4A46FFF7EBFEB5E7E6
:1069B000D8F81030B34208D01444C8F81C00211A8B
:1069C000A960BDE8F047FFF7F3BEBDE8F08700BF60
:1069D000784600206846002038B502F003F9054AE1
:1069E000D2E90845031B181945F10001C2E9080165
:1069F00038BD00BF6846002010B560B9074804796B
:106A00000368053C9B6818BF0124984708B144F00F
:106A10000404204610BD0124FBE700BFC836002057
:106A2000FFF7EABF2DE9F047884617469A46044625
:106A3000B0B90D4E3579052D05D003240DE0013D8B
:106A400015F0FF050ED03268534639463046D2F86D
:106A500014904246C8470028F1D12046BDE8F0878F
:106A60000424FAE70124F8E7C83600202DE9F047AE
:106A7000884617469A460446B0B90D4E3579052D1D
:106A800005D003240DE0013D15F0FF050ED032685E
:106A9000534639463046D2F818904246C847002837
:106AA000F1D12046BDE8F0870424FAE70124F8E795
:106AB000C836002037B50C46154670B951B10129CA
:106AC0000BD10748694603681B6A984710B9019BB8
:106AD00004462B60204603B030BD0424FAE700BF13
:106AE000C836002000207047FEE700007047000015
:106AF0004FF0FF30704700004B6843608B68836045
:106B0000CB68C3600B6943614B6903628B69436265
:106B10000B6803607047000008B53C4B40F2FF7102
:106B20003B48D3F888200A43C3F88820D3F888204C
:106B300022F4FF6222F00702C3F88820D3F88830DD
:106B4000344B1A6C0A431A649A6E0A439A66324AA4
:106B50009B6E1146FFF7D0FF00F5806002F11C012B
:106B6000FFF7CAFF00F5806002F13801FFF7C4FFAC
:106B700000F5806002F15401FFF7BEFF00F5806070
:106B800002F17001FFF7B8FF00F5806002F18C019F
:106B9000FFF7B2FF00F5806002F1A801FFF7ACFF3C
:106BA00000F5806002F1C401FFF7A6FF00F58060E8
:106BB00002F1E001FFF7A0FF00F5806002F1FC01A7
:106BC000FFF79AFF02F58C7100F58060FFF794FFE4
:106BD00001F0B8FC114BD3F8902242F00102C3F847
:106BE0009022D3F8942242F00102C3F894220522A5
:106BF000C3F898204FF06052C3F89C20084AC3F8AD
:106C0000A020BDE8084000F001BD00BF00440258CC
:106C100000000258004502585C98000800ED00E0B2
:106C20001F00080308B501F09FFDFFF7D5FC0D4BD1
:106C3000DA6B42F04002DA635A6E22F040025A6682
:106C40005B6E094B1A6842F008021A601A6842F03B
:106C500004021A6000F0AEFD00F040FBBDE8084001
:106C600000F0B4B8004502580018024801207047EF
:106C7000002070477047000002290CD0032904D07F
:106C80000129074818BF00207047032A05D8054886
:106C900000EBC2007047044870470020704700BFF7
:106CA000609A000854220020149A000870B59AB027
:106CB00005460846144601A900F0C2F801A8FBF7F2
:106CC0002FF8431C0022C6B25B001046C5E9003411
:106CD00023700323023404F8013C01ABD1B2023427
:106CE0008E4201D81AB070BD13F8011B013204F8AE
:106CF000010C04F8021CF1E708B5302383F3118876
:106D00000348FFF78FF8002383F3118808BD00BF05
:106D10001849002090F8803003F01F02012A07D1A3
:106D200090F881200B2A03D10023C0E91D3315E020
:106D300003F06003202B08D1B0F884302BB990F811
:106D40008120212A03D81F2A04D8FFF74DB8222A10
:106D5000EBD0FAE7034A426707228267C367012044
:106D6000704700BF4B22002007B5052917D8DFE880
:106D700001F0191603191920302383F31188104AE2
:106D800001210190FFF7F6F8019802210D4AFFF763
:106D9000F1F80D48FFF712F8002383F3118803B0D0
:106DA0005DF804FB302383F311880748FEF7DCFF0E
:106DB000F2E7302383F311880348FEF7F3FFEBE794
:106DC000B4990008D89900081849002038B50C4D2E
:106DD0000C4C2A460C4904F10800FFF767FF05F147
:106DE000CA0204F110000949FFF760FF05F5CA72F5
:106DF00004F118000649BDE83840FFF757BF00BF4F
:106E0000F061002054220020909900089A9900080F
:106E1000A999000870B5044608460D46FAF780FFA8
:106E2000C6B22046013403780BB9184670BD32460D
:106E30002946FAF761FF0028F3D10120F6E70000A8
:106E40002DE9F84F05460C46FAF76AFF2C49C6B201
:106E50002846FFF7DFFF08B10536F6B22949284674
:106E6000FFF7D8FF08B11036F6B2632E0DD8DFF861
:106E70009080DFF89090244FDFF894A0DFF894B072
:106E80002E7846B92670BDE8F88F29462046BDE821
:106E9000F84F02F025B9252E2ED10722414628466B
:106EA000FAF72AFF70B9DBF8003007350C3444F8E4
:106EB0000C3CDBF8043044F8083CDBF8083044F8BC
:106EC000043CDDE7082249462846FAF715FF98B941
:106ED000A21C0E4B197802320909C95D02F8041C84
:106EE00013F8011B01F00F015345C95D02F8031CA3
:106EF000F0D118340835C3E7013504F8016BBFE75A
:106F0000809A0008A9990008959A000800E8F11FE6
:106F10000CE8F11F889A0008BFF34F8F044B1A69E1
:106F20005107FCD1D3F810215207F8D1704700BFA8
:106F30000020005208B50D4B1B78ABB9FFF7ECFFF2
:106F40000B4BDA68D10704D50A4A5A6002F188323D
:106F50005A60D3F80C21D20706D5064AC3F804219B
:106F600002F18832C3F8042108BD00BF4E6400203E
:106F7000002000522301674508B5114B1B78F3B977
:106F8000104B1A69510703D5DA6842F04002DA6003
:106F9000D3F81021520705D5D3F80C2142F0400256
:106FA000C3F80C21FFF7B8FF064BDA6842F0010284
:106FB000DA60D3F80C2142F00102C3F80C2108BDBD
:106FC0004E640020002000520F289ABF00F5806018
:106FD00040040020704700004FF40030704700006C
:106FE000102070470F2808B50BD8FFF7EDFF00F50C
:106FF00000330268013204D104308342F9D1012008
:1070000008BD0020FCE700000F2838B505463FD832
:10701000FFF782FF1F4CFFF78DFF4FF0FF3307286C
:107020006361C4F814311DD82361FFF775FF0302B3
:1070300043F02403E360E36843F08003E3602369E3
:107040005A07FCD42846FFF767FFFFF7BDFF4FF450
:10705000003100F0B7FA2846FFF78EFFBDE8384050
:10706000FFF7C0BFC4F81031FFF756FFA0F10803C7
:107070001B0243F02403C4F80C31D4F80C3143F064
:107080008003C4F80C31D4F810315B07FBD4D9E786
:10709000002038BD002000522DE9F84F04460D466F
:1070A000104644EA0203DE0602D00020BDE8F88F55
:1070B00020F01F00DFF8D4B0DFF8D4A0FFF73AFFCC
:1070C00005EB0008454503D10120FFF755FFEDE72B
:1070D00020222946204601F0CBFF10B9203420356C
:1070E000F0E7234604F120021F68791CDDD1043348
:1070F0009342F9D104F178432048214EB3F5801F23
:10710000204B38BF184603F1F80332BFD946D146A9
:107110001E46FFF701FF0760A4EB050C336805F17D
:107120001C0143F0020333602B1FD9F8007017F0E5
:107130000507FAD153F8042F8B424CF80320F4D101
:10714000BFF34F8FFFF7E8FE4FF0FF330360336864
:1071500023F002033360BFF34F8F0B4BC3F85C4245
:10716000BFF34F8FBFF36F8F20222946204601F0D7
:107170007FFF0028B2D03846A7E700BF1421005295
:107180000C2000521420005200ED00E010200052AC
:107190001021005210B5084C237828B11BB9FFF715
:1071A000C9FE0123237010BD002BFCD02070BDE868
:1071B0001040FFF7E1BE00BF4E6400202DE9F04F04
:1071C0000D4685B0814658B111F00D0614BF20223E
:1071D000082211F00803019304D0431E034269D032
:1071E000002435E0002E37D009F11F0121F01F09DE
:1071F0004FF00108314F05F00403DFF8CCA005EA99
:10720000080BBBF1000F32D07869C0072FD408F10A
:1072100001080C37B8F1060FF3D19EB9284D494645
:10722000A819019201F044FD0446002839D1203606
:10723000019AA02EF3D1494601F03AFD04460028F8
:107240002FD1019A49461F4801F032FD044660BB28
:10725000204605B0BDE8F08F0029C9D10146284677
:10726000029201F025FD0446D8B9029AC0E713B195
:1072700078694107CBD5AC0702D578698007C6D5B8
:10728000019911B178690107C1D549460AEB481047
:10729000CDE9022301F00CFD0446DDE902230028BC
:1072A000B5D04A460021204601E04A460021FAF7BF
:1072B0003FFDCDE70246002E96D199E7A89A000837
:1072C0009064002050640020706400200021FFF7CB
:1072D00075BF00000121FFF771BF000000231A46AF
:1072E00070B51A600433B3F5806FFAD1104D0124E4
:1072F000104E06EB441001342A6955F80C1F01F0BA
:10730000C3FC062CF5D137254FF4C0542046FFF7B7
:10731000E1FF014628B122460748BDE8704001F070
:10732000B3BCC4EBC404013D4FEAD404EED170BD3C
:10733000A89A000870640020506400200421FFF720
:107340003DBF00004843FFF7C1BF000008B101F096
:1073500021BD7047B0F5805F10B5044607D8FFF730
:10736000EDFF28B92046BDE81040FFF7AFBF002071
:1073700010BD0000FFF7EABF70B5AAB140EA0103F3
:1073800013F01F030FD1094C0144A5686D0706D502
:107390002568A84203D366683544A94204D903335B
:1073A0000C34122BF1D10022104670BDA89A0008AF
:1073B00008B501F005FE034AD2E90032C01842EBDD
:1073C000010108BD30650020434BD3E900232DE9BE
:1073D000F34113437CD0FFF7EBFF404A0023002723
:1073E000F9F72AF806460D463D4A0023F9F724F836
:1073F0000023144630462946394AF9F71DF84FF460
:1074000061613C23ADF80170B4FBF1F5B4FBF3F618
:1074100001FB154103FB16464624B1FBF3F1314B4A
:10742000F6B28DF8004098423CD84FF0640C4FF40F
:10743000C87EA30704F26C7225D1B2FBFCF30CFBEF
:10744000132313BBB2FBFEF30EFB1322B2FA82F33B
:107450005B0903F26D18621C8045D2B217D90FB1D7
:107460008DF800400022204C4FF00C0C17460CFB0E
:107470000343D4B2013213F804C084450CD8A0EB06
:107480000C000127F5E70023E3E70123E1E7A0EB88
:10749000080014460127CCE70FB18DF80140431CCA
:1074A0008DF802309DF80100431C9DF80000503813
:1074B000400640EA43509DF8023040EA034040EA6B
:1074C000560040EAC52040EA411002B0BDE8F08114
:1074D0004FF40410F9E700BF3065002040420F0070
:1074E0008051010090230B00F09A00080244074BE2
:1074F000D2B210B5904200D110BD441C00B253F876
:10750000200041F8040BE0B2F4E700BF50400058FF
:107510000E4B30B51C6F240405D41C6F1C671C6F08
:1075200044F400441C670A4C02442368D2B243F47A
:1075300080732360074B904200D130BD441C51F84A
:10754000045B00B243F82050E0B2F4E70044025874
:10755000004802585040005807B5012201A90020F8
:10756000FFF7C4FF019803B05DF804FB13B50446B0
:10757000FFF7F2FFA04205D0012201A900200194EB
:10758000FFF7C6FF02B010BD10B56424013C4FF4F4
:107590007A70FFF7A9F814F0FF04F7D1084B4FF009
:1075A000807214249A6103F5805308229A61013C89
:1075B0004FF47A70FFF798F814F0FF04F7D110BD7C
:1075C000000002580144BFF34F8F064B884204D39A
:1075D000BFF34F8FBFF36F8F7047C3F85C0220304B
:1075E000F4E700BF00ED00E00144BFF34F8F064B0E
:1075F000884204D3BFF34F8FBFF36F8F7047C3F838
:1076000070022030F4E700BF00ED00E0114BDA69B2
:1076100052021ED59A69D00704D50F4A9A6002F12A
:1076200044329A600B4BDA69D107FCD41A6A22F40F
:1076300080021A629A6942F002029A61DA69D207FC
:10764000FCD49A6942F001029A61024AD369DB07CD
:10765000FCD47047002000523B2A190870B505463B
:1076600016460C4601201021FFF76CFE2860467379
:107670003CB1204636B1FFF761FE2B68186000B1BF
:107680009C6070BDFFF726FEF7E70000F8B50F46D7
:107690001546044648B905F11F010126386821F056
:1076A0001F01FFF78FFF3046F8BD427B294638683F
:1076B000FFF762FE06460028EDD13B686360A368D1
:1076C000AB4210D213B12068FFF740FE637B28461F
:1076D0002BB1FFF733FE206020B9A060E3E7FFF78E
:1076E000F9FDF8E7A560206805F11F01012621F0EA
:1076F0001F013860FFF766FF2673D4E770B50E46AA
:1077000002F11F010446154621F01F013046FFF724
:107710006BFF4CB12168B14206D1606810B12A46B6
:10772000FAF7E0FA0023237370BD0000F8B50F46A6
:107730001446054648B904F11F010126386821F0B6
:107740001F01FFF751FF3046F8BD427B21463868E4
:10775000FFF712FE06460028EDD1AB68A34210D217
:1077600013B12868FFF7F2FD6B7B20462BB1FFF7C2
:10777000E5FD286020B9A860E5E7FFF7ABFDF8E775
:10778000AC60396819B122462868FAF7ABFA286864
:1077900004F11F01012621F01F013860FFF724FFCB
:1077A0002E73D0E720B103688B4204BF002303731C
:1077B00070470000034B1A681AB9034AD2F8D02464
:1077C0001A607047386500200040025808B5FFF77E
:1077D000F1FF024B1868C0F3806008BD38650020D7
:1077E0007047000070470000EFF3098305496833D4
:1077F0004A6B22F001024A6383F30988002383F372
:107800001188704700EF00E0302080F3118862B6E5
:107810000D4B0E4AD96821F4E0610904090C0A43B2
:107820000B49DA60D3F8FC2042F08072C3F8FC20E8
:10783000084AC2F8B01F116841F00101116020220E
:10784000DA7783F82200704700ED00E00003FA05C4
:1078500055CEACC5001000E0302310B583F311887D
:107860000E4B5B6813F4006314D0F1EE103AEFF3A3
:1078700009844FF08073683CE361094BDB6B23663E
:1078800084F30988FEF774FE10B1064BA36110BDA6
:10789000054BFBE783F31188F9E700BF00ED00E03B
:1078A00000EF00E02F0400083204000870B5BFF3B9
:1078B0004F8FBFF36F8F1A4A0021C2F85012BFF3E7
:1078C0004F8FBFF36F8F536943F400335361BFF39E
:1078D0004F8FBFF36F8FC2F88410BFF34F8FD2F872
:1078E000803043F6E074C3F3C900C3F34E335B0149
:1078F00003EA0406014646EA81750139C2F860527E
:10790000F9D2203B13F1200FF2D1BFF34F8F53690F
:1079100043F480335361BFF34F8FBFF36F8F70BD5C
:1079200000ED00E0FEE70000214B2248224A70B53E
:10793000904237D3214BC11EDA1C121A22F00302E7
:107940008B4238BF00220021FAF7F2F91C4A0023CB
:10795000C2F88430BFF34F8FD2F8803043F6E07422
:10796000C3F3C900C3F34E335B0103EA04060146C7
:1079700046EA81750139C2F86C52F9D2203B13F105
:10798000200FF2D1BFF34F8FBFF36F8FBFF34F8F35
:10799000BFF36F8F0023C2F85032BFF34F8FBFF396
:1079A0006F8F70BD53F8041B40F8041BC0E700BF85
:1079B000F49B0008B4660020B4660020B466002082
:1079C00000ED00E0054B996B21EA000199631A6E06
:1079D00022EA00021A661B6E704700BF004502587B
:1079E00070B5D0E9244300224FF0FF359E6804EBC8
:1079F00042135101D3F80009002805DAD3F8000931
:107A000040F08040C3F80009D3F8000B002805DAE5
:107A1000D3F8000B40F08040C3F8000B013263182C
:107A20009642C3F80859C3F8085BE0D24FF001133F
:107A3000C4F81C3870BD0000890141F020010161CB
:107A400003699B06FCD41220FEF7E2BD10B50A4C78
:107A50002046FEF76DFA094BC4F89030084BC4F885
:107A60009430084C2046FEF763FA074BC4F8903078
:107A7000064BC4F8943010BD3C650020000008405F
:107A80002C9B0008D865002000000440389B0008AB
:107A900070B503780546012B58D13F4BD0F8904084
:107AA000984254D13D4B0E2165209A6B42F0006202
:107AB0009A631A6E42F000621A661B6E384BD3F856
:107AC000802042F00062C3F88020D3F8802022F0AA
:107AD0000062C3F88020D3F88030FDF76DFC314B95
:107AE000E360314BC4F800380023D5F89060C4F847
:107AF000003EC02323604FF40413A3633369002BBB
:107B0000FCDA01230C203361FEF782FD3369DB07C9
:107B1000FCD41220FEF77CFD3369002BFCDA002632
:107B20002846A660FFF75CFF6B68C4F81068DB6846
:107B3000C4F81468C4F81C6863BB1C4BA3614FF005
:107B4000FF336361A36843F00103A36070BD184B6A
:107B50009842C9D1114B4FF080609A6B42F000728D
:107B60009A631A6E42F000721A661B6E0C4BD3F8C1
:107B7000802042F00072C3F88020D3F8802022F0E9
:107B80000072C3F88020D3F88030FFF71BFF0E216E
:107B90004D20A2E7074BD1E73C6500200045025885
:107BA000004402584014004003002002003C30C052
:107BB000D8650020083C30C0F8B5D0F890400546A4
:107BC00000214FF000662046FFF736FFD5F89410ED
:107BD00000234FF001128F684FF0FF30C4F83438A3
:107BE000C4F81C2804EB431201339F42C2F8006919
:107BF000C2F8006BC2F80809C2F8080BF2D20B6891
:107C0000D5F89020C5F89830636210231361166987
:107C100016F01006FBD11220FEF7FAFCD4F800385B
:107C200023F4FE63C4F80038A36943F4402343F00F
:107C30001003A3610923C4F81038C4F814380B4B9F
:107C4000EB604FF0C043C4F8103B094BC4F8003B55
:107C5000C4F81069C4F80039D5F8983003F110025F
:107C600043F48013C5F89820A362F8BD089B000870
:107C700040800010D0F8902090F88A10D2F8003898
:107C800023F4FE6343EA0113C2F800387047000092
:107C90002DE9F84300EB8103D0F890500C46804664
:107CA000DA680FFA81F94801166806F00306731EB8
:107CB000022B05EB41134FF0000194BFB604384E80
:107CC000C3F8101B4FF0010104F1100398BF06F137
:107CD000805601FA03F3916998BF06F50046002922
:107CE0003AD0578A04F15801374349016F50D5F80B
:107CF0001C180B430021C5F81C382B180127C3F8AA
:107D00001019A7405369611E9BB3138A928B9B087D
:107D1000012A88BF5343D8F89820981842EA0343B1
:107D200001F140022146C8F89800284605EB82027E
:107D30005360FFF781FE08EB8900C3681B8A43EAA2
:107D4000845348341E4364012E51D5F81C381F4318
:107D5000C5F81C78BDE8F88305EB4917D7F8001B78
:107D600021F40041C7F8001BD5F81C1821EA0303D1
:107D7000C0E704F13F030B4A2846214605EB830385
:107D80005A60FFF759FE05EB4910D0F8003923F48B
:107D90000043C0F80039D5F81C3823EA0707D7E7B5
:107DA0000080001000040002D0F894201268C0F88F
:107DB0009820FFF715BE00005831D0F890304901E7
:107DC0005B5813F4004004D013F4001F0CBF0220D2
:107DD000012070474831D0F8903049015B5813F4C6
:107DE000004004D013F4001F0CBF02200120704794
:107DF00000EB8101CB68196A0B6813604B68536014
:107E00007047000000EB810330B5DD68AA69136894
:107E1000D36019B9402B84BF402313606B8A146868
:107E2000D0F890201C4402EB4110013C09B2B4FB95
:107E3000F3F46343033323F0030343EAC44343F0FF
:107E4000C043C0F8103B2B6803F00303012B0ED195
:107E5000D2F8083802EB411013F4807FD0F8003BD1
:107E600014BF43F0805343F00053C0F8003B02EBD3
:107E70004112D2F8003B43F00443C2F8003B30BD4E
:107E80002DE9F041D0F8906005460C4606EB411311
:107E9000D3F8087B3A07C3F8087B08D5D6F814381E
:107EA0001B0704D500EB8103DB685B689847FA0782
:107EB0001FD5D6F81438DB071BD505EB8403D9682A
:107EC000CCB98B69488A5A68B2FBF0F600FB1622DF
:107ED0008AB91868DA6890420DD2121AC3E90024F0
:107EE000302383F3118821462846FFF78BFF84F364
:107EF0001188BDE8F081012303FA04F26B8923EABB
:107F000002036B81CB68002BF3D021462846BDE8E5
:107F1000F041184700EB81034A0170B5DD68D0F8E5
:107F200090306C692668E66056BB1A444FF4002016
:107F3000C2F810092A6802F00302012A0AB20ED11F
:107F4000D3F8080803EB421410F4807FD4F800093A
:107F500014BF40F0805040F00050C4F8000903EB1B
:107F60004212D2F8000940F00440C2F80009012290
:107F7000D3F8340802FA01F10143C3F8341870BD94
:107F800019B9402E84BF4020206020681A442E8AF0
:107F90008419013CB4FBF6F440EAC44040F00050C0
:107FA000C6E700002DE9F843D0F8906005460C467E
:107FB0004F0106EB4113D3F8088918F0010FC3F8FD
:107FC00008891CD0D6F81038DB0718D500EB8103E0
:107FD000D3F80CC0DCF81430D3F800E0DA6896452A
:107FE00030D2A2EB0E024FF000091A60C3F80490E1
:107FF000302383F31188FFF78DFF89F3118818F080
:10800000800F1DD0D6F834380126A640334217D051
:1080100005EB84030134D5F89050D3F80CC0E4B2DA
:108020002F44DCF8142005EB0434D2F800E051684A
:10803000714514D3D5F8343823EA0606C5F83468F8
:10804000BDE8F883012303FA01F2038923EA02035E
:108050000381DCF80830002BD1D09847CFE7AEEB96
:108060000103BCF81000834228BF0346D7F8180963
:1080700080B2B3EB800FE3D89068A0F1040959F8FF
:10808000048FC4F80080A0EB09089844B8F1040FED
:10809000F5D818440B4490605360C8E72DE9F84FB9
:1080A000D0F8905004466E69AB691E4016F48058B3
:1080B0006E6103D0BDE8F84FFDF7AABF002E12DABB
:1080C000D5F8003E9B0705D0D5F8003E23F003030A
:1080D000C5F8003ED5F80438204623F00103C5F862
:1080E0000438FDF7C3FF370505D52046FFF778FCB8
:1080F0002046FDF7A9FFB0040CD5D5F8083813F0D9
:10810000060FEB6823F470530CBF43F4105343F491
:10811000A053EB6031071BD56368DB681BB9AB6903
:1081200023F00803AB612378052B0CD1D5F8003E72
:108130009A0705D0D5F8003E23F00303C5F8003EAA
:108140002046FDF793FF6368DB680BB12046984734
:10815000F30200F1BA80B70226D5D4F89090002738
:108160004FF0010A09EB4712D2F8003B03F4402319
:10817000B3F5802F11D1D2F8003B002B0DDA6289C4
:108180000AFA07F322EA0303638104EB8703DB683F
:10819000DB6813B13946204698470137D4F894304C
:1081A000FFB29B689F42DDD9F00619D5D4F8900044
:1081B000026AC2F30A1702F00F0302F4F012B2F5DA
:1081C000802F00F0CA80B2F5402F09D104EB830361
:1081D000002200F58050DB681B6A974240F0B080B7
:1081E0003003D5F8185835D5E90303D500212046CA
:1081F000FFF746FEAA0303D501212046FFF740FE04
:108200006B0303D502212046FFF73AFE2F0303D567
:1082100003212046FFF734FEE80203D5042120465F
:10822000FFF72EFEA90203D505212046FFF728FE01
:108230006A0203D506212046FFF722FE2B0203D552
:1082400007212046FFF71CFEEF0103D50821204639
:10825000FFF716FE700340F1A780E90703D5002160
:108260002046FFF79FFEAA0703D501212046FFF70E
:1082700099FE6B0703D502212046FFF793FE2F07D7
:1082800003D503212046FFF78DFEEE0603D504211A
:108290002046FFF787FEA80603D505212046FFF7F5
:1082A00081FE690603D506212046FFF77BFE2A06DC
:1082B00003D507212046FFF775FEEB0574D5204650
:1082C0000821BDE8F84FFFF76DBED4F890904FF04D
:1082D000000B4FF0010AD4F894305FFA8BF79B68DB
:1082E0009F423FF638AF09EB4713D3F8002902F459
:1082F0004022B2F5802F20D1D3F80029002A1CDAC1
:10830000D3F8002942F09042C3F80029D3F800299D
:10831000002AFBDB3946D4F89000FFF78DFB228959
:108320000AFA07F322EA0303238104EB8703DB68DD
:108330009B6813B13946204698470BF1010BCAE7F9
:10834000910701D1D0F80080072A02F101029CBFF9
:1083500003F8018B4FEA18283FE704EB830300F58D
:108360008050DA68D2F818C0DCF80820DCE9001C7C
:10837000A1EB0C0C00218F4208D1DB689B699A6845
:108380003A449A605A683A445A6029E711F0030F58
:1083900001D1D0F800808C4501F1010184BF02F8C1
:1083A000018B4FEA1828E6E7BDE8F88F08B50348C7
:1083B000FFF774FEBDE80840FFF74EBA3C650020A9
:1083C00008B50348FFF76AFEBDE80840FFF744BA66
:1083D000D8650020D0F8903003EB4111D1F8003B74
:1083E00043F40013C1F8003B70470000D0F8903010
:1083F00003EB4111D1F8003943F40013C1F80039FF
:1084000070470000D0F8903003EB4111D1F8003BE9
:1084100023F40013C1F8003B70470000D0F89030FF
:1084200003EB4111D1F8003923F40013C1F80039EE
:1084300070470000044BDA6B0243DA635A6E104354
:1084400058665B6E704700BF0045025808B53C4B4C
:108450004FF0FF31D3F8802062F00042C3F8802053
:10846000D3F8802002F00042C3F88020D3F88020A7
:10847000D3F88420C3F88410D3F884200022C3F8F2
:108480008420D3F88400D86F40F0FF4040F4FF0010
:1084900040F4DF4040F07F00D867D86F20F0FF4005
:1084A00020F4FF0020F4DF4020F07F00D867D86F71
:1084B000D3F888006FEA40506FEA5050C3F8880044
:1084C000D3F88800C0F30A00C3F88800D3F8880006
:1084D000D3F89000C3F89010D3F89000C3F8902020
:1084E000D3F89000D3F89400C3F89410D3F8940014
:1084F000C3F89420D3F89400D3F89800C3F89810E8
:10850000D3F89800C3F89820D3F89800D3F88C00DB
:10851000C3F88C10D3F88C00C3F88C20D3F88C00EF
:10852000D3F89C00C3F89C10D3F89C10C3F89C208F
:10853000D3F89C30FCF702FABDE8084000F0F8B828
:108540000044025808B50122504BC3F80821504B93
:108550005A6D42F002025A65DA6F42F00202DA679F
:108560000422DB6F4B4BDA605A689104FCD54A4A0F
:108570001A6001229A60494ADA6000221A614FF4B7
:1085800040429A61434B9A699204FCD51A6842F4BE
:1085900080721A60424B1A6F12F4407F04D04FF47D
:1085A00080321A6700221A671A6842F001021A60C4
:1085B0003B4B1A685007FCD500221A611A6912F069
:1085C0003802FBD1012119604FF0804159605A6790
:1085D000344ADA62344A1A611A6842F480321A6004
:1085E0002F4B1A689103FCD51A6842F480521A6026
:1085F0001A689204FCD52D4A2D499A6200225A63CA
:10860000196301F57C01DA6301F5E77199635A6436
:10861000284A1A64284ADA621A6842F0A8521A6094
:108620001F4B1A6802F02852B2F1285FF9D1482294
:108630009A614FF48862DA6140221A621F4ADA6452
:108640001F4A1A651F4A5A651F4A9A6532231F4AF4
:108650001360136803F00F03022BFAD1104A136959
:1086600043F003031361136903F03803182BFAD1A5
:108670004FF00050FFF7DEFE4FF08040FFF7DAFECC
:108680004FF00040BDE80840FFF7D4BE0080005125
:10869000004502580048025800C000F004000001E4
:1086A000004402580000FF0100889008322060005A
:1086B00063020901470E0508DD0BBF012000002001
:1086C000000001100910E00000010110002000521C
:1086D00008B50348FCF7EAFCBDE80840FFF7BCB862
:1086E000C836002008B50348FCF7E0FDBDE80840A7
:1086F000FFF7B2B82039002008B50348FCF7D6FDD3
:10870000BDE80840FFF7A8B88C39002008B5034839
:10871000FCF7CCFDBDE80840FFF79EB8F839002013
:1087200008B500F08FFCBDE80840FFF795B80000E1
:1087300008B509217A20FCF73FFE09213120FCF71A
:108740003BFE07213220FCF737FE0C212620FCF7E8
:1087500033FE0C212720FCF72FFE0C215220BDE810
:108760000840FCF729BE000008B5FFF76FFE00F0D7
:1087700043FCFDF701FAFDF79FF9FDF7D7FBFDF785
:10878000A9FAFEF777FABDE8084000F029BA000020
:1087900030B50433039C0172002104FB0325C16042
:1087A000C0E90653049B0363059BC0E90000C0E9D0
:1087B0000422C0E90842C0E90A11436330BD000049
:1087C0000022416AC260C0E90411C0E90A226FF0C8
:1087D0000101FDF7C9BF0000D0E90432934201D185
:1087E000C2680AB9181D70470020704703691960F4
:1087F0000021C2680132C260C26913448269934297
:10880000036124BF436A0361FDF7A2BF38B5044684
:108810000D46E3683BB162690020131D1268A36234
:108820001344E36207E0237A33B929462046FDF773
:108830007FFF0028EDDA38BD6FF00100FBE7000094
:10884000C368C269013BC3604369134482699342B0
:10885000436124BF436A436100238362036B03B116
:108860001847704770B53023044683F31188866A31
:108870003EB9FFF7CBFF054618B186F311882846AD
:1088800070BDA36AE26A13F8015B9342A36202D34C
:108890002046FFF7D5FF002383F31188EFE70000A0
:1088A0002DE9F84F04460E46174698464FF030091A
:1088B00089F311880025AA46D4F828B0BBF1000F2F
:1088C00009D141462046FFF7A1FF20B18BF3118863
:1088D0002846BDE8F88FD4E90A12A7EB050B521A17
:1088E000934528BF9346BBF1400F1BD9334601F196
:1088F000400251F8040B914243F8040BF9D1A36AEA
:10890000403640354033A362D4E90A239A4202D369
:108910002046FFF795FF8AF31188BD42D8D289F32C
:108920001188C9E730465A46F9F7DCF9A36A5E4474
:108930005D445B44A362E7E710B5029C0433017217
:1089400003FB0421C460C0E906130023C0E90A3315
:10895000039B0363049BC0E90000C0E90422C0E953
:108960000842436310BD0000026A6FF00101C2605B
:10897000426AC0E904220022C0E90A22FDF7F4BEDF
:10898000D0E904239A4201D1C26822B9184650F8AE
:10899000043B0B60704700231846FAE7C3680021C8
:1089A000C2690133C36043691344826993424361DE
:1089B00024BF436A4361FDF7CBBE000038B50446CF
:1089C0000D46E3683BB1236900201A1DA262E269EB
:1089D0001344E36207E0237A33B929462046FDF7C2
:1089E000A7FE0028EDDA38BD6FF00100FBE70000BC
:1089F00003691960C268013AC260C269134482699E
:108A00009342036124BF436A036100238362036BC3
:108A100003B118477047000070B530230D46044677
:108A2000114683F31188866A2EB9FFF7C7FF10B18C
:108A300086F3118870BDA36A1D70A36AE26A0133D0
:108A40009342A36204D3E16920460439FFF7D0FFC3
:108A5000002080F31188EDE72DE9F84F04460D461C
:108A6000904699464FF0300A8AF311880026B346A3
:108A7000A76A4FB949462046FFF7A0FF20B187F308
:108A800011883046BDE8F88FD4E90A073A1AA8EBF6
:108A90000607974228BF1746402F1BD905F1400310
:108AA00055F8042B9D4240F8042BF9D1A36A4036B7
:108AB0004033A362D4E90A239A4204D3E1692046F1
:108AC0000439FFF795FF8BF311884645D9D28AF315
:108AD0001188CDE729463A46F9F704F9A36A3D44DF
:108AE0003E443B44A362E5E7D0E904239A4217D110
:108AF000C3689BB1836A8BB1043B9B1A0ED0136091
:108B0000C368013BC360C3691A4483699A42026126
:108B100024BF436A03610023836201231846704720
:108B20000023FBE701F01F03F0B502F01F04560914
:108B30005A1C0123B6EB511F50F8265003FA02F3DA
:108B40004FEA511703F1FF333DBF50F82720C4F11E
:108B50002000134003EA05003BBF03FA00F225FAA8
:108B600004F0E0401043F0BD70B57E227F21054641
:108B7000FFF7D8FF18B1012819D0002070BD3E22A0
:108B800049212846FFF7CEFF2F22044631212846EF
:108B9000FFF7C8FF0646013450220236532128460B
:108BA000B440FFF7BFFF093804FA00F0E6E73022CF
:108BB00045212846FFF7B6FF01308002DEE70000BE
:108BC00090F8D63090F8D7201B0403EB026390F89E
:108BD000D42090F8D500134403EB00207047000028
:108BE00000F00CBA014B586A704700BF000C0040FF
:108BF000034B002258631A610222DA60704700BFFB
:108C0000000C0040014B0022DA607047000C00406D
:108C1000014B5863704700BF000C0040024B034AF1
:108C20001A60034A5A6070478C660020B8660020BC
:108C300000000220074B494210B55C68201A08402A
:108C40001968821A8A4203D3A24201D85A6010BD21
:108C50000020FCE78C66002008B5302383F31188E0
:108C6000FFF7E8FF002383F3118808BD0448054B94
:108C700003600023C0E901330C3000F017B900BFD6
:108C800094660020598C0008CB1D083A23F0070396
:108C9000591A521A10B4D2080024C0E90043846063
:108CA0000C301C605A605DF8044B00F0FFB8000007
:108CB0002DE9F74F364FCD1D8846002818BF0746CF
:108CC000082A4FEAD50538BF082207F10C003C1DE1
:108CD0009146019000F02CF9019809F10701C9F1C2
:108CE000000E2246246864B900F02CF93B68CBB32F
:108CF00008224946E8009847044698B340E90278BC
:108D000030E004EB010CD4F804A00CEA0E0C0AF1DC
:108D10000106ACF1080304EBC6069E42E1D9A6EBBE
:108D20000C0CB5EBEC0F4FEAEC0BDAD89C421DD2E1
:108D300004F10802AB45A3EB02024FEAE2026260D3
:108D400009D9691CED4303EBC1025D4455602568F8
:108D500043F8315022601C46C3F8048044F8087B75
:108D600000F0F0F8204603B0BDE8F08FAA45216876
:108D700002D111602346EEE7013504EBC50344F848
:108D8000351003F10801761AF6105E601360F1E702
:108D90009466002073B50446A0F1080550F8080C4D
:108DA00054F8043C061D0C3007330190DB0844F8EE
:108DB000043C00F0BDF8334601989E421A6801D089
:108DC000AB4228D20AB1954225D244F8082C54F877
:108DD000042C1D60013254F8081C05EBC206B14298
:108DE00006D14E68324444F8042C0A6844F8082C32
:108DF0005E68711C03EBC1018D4207D154F8042C4D
:108E0000013232445A6054F8082C1A6002B0BDE8AE
:108E1000704000F097B81346CFE70000FEE700006F
:108E200070B51E4B0025044686B058600E4605639B
:108E30008163FEF7E9FC04F12803A5606563C4E9DA
:108E40000A3304F11003C4E904334FF0FF33C4E9DB
:108E50000044C4E90635FFF7C5FE2B46024604F17F
:108E60003C012046C4E9082380230D4A6567FDF7CD
:108E7000D9FB7368E0600B4A03620123009280F81B
:108E800024306846F26801923269CDE90223064B2C
:108E9000CDE90435FDF7FAFB06B070BD104900209E
:108EA0004C9B0008449B00081D8E00080023C0E96D
:108EB000000083600361704770B51C4B05468468F1
:108EC000DE685CB3B44213D103690133036170BD42
:108ED000A36094F8243083B1062B15D1A06A2146F3
:108EE000D4E9003213605A60FDF7F8FAA36A9C686F
:108EF000B368A2689A42EBD306E0D4E90032204678
:108F000013605A60FDF7FAFA28463146FDF7E6FA93
:108F1000B5620620BDE87040FDF7F2BA03698660CD
:108F200001330361336BC3603063D0E768460020D0
:108F300008B5302383F31188FFF7BEFF002383F3C6
:108F4000118808BD194BD96883688B4210B520D1B0
:108F5000302383F311880269013A0261B2B90468CF
:108F6000C368A0420B631ED04A6B9BB901238A6081
:108F7000036103681A68026050601A6B8360C26004
:108F800018631846FDF7BAFAFDF71AFB002383F3BE
:108F9000118810BD1C68A34203D0A468A24238BF48
:108FA0002246DB68E1E78260F0E700BF6846002008
:108FB000024A536B18435063704700BF6846002055
:108FC00038B5EFF311859DB9EFF30584C4F30804B8
:108FD000302334B183F31188FDF7FEFC85F311884B
:108FE00038BD83F31188FDF7F7FC84F3118838BD91
:108FF000BDE83840FDF7F0BC704700000E4B9A6C9E
:1090000042F008029A641A6F42F008021A670B4A8B
:109010001B6FD36B43F00803D363C722084B9A62DC
:109020004FF0FF32DA6200229A615A63DA605A60C6
:1090300001225A611A607047004502580010005C16
:10904000000C0040094A08B51169D3680B40D9B239
:109050009B076FEA0101116107D5302383F3118863
:10906000FDF7D4FA002383F3118808BD000C0040FB
:1090700010B501390244904201D1002005E0037887
:1090800011F8014FA34201D0181B10BD0130F2E7C7
:10909000884210B501EB020402D98442234607D866
:1090A000431EA14208D011F8012B03F8012FF8E765
:1090B000024401468A4200D110BD13F8014D02F866
:1090C000014DF7E7C9B2034610F8012B1AB18A42E5
:1090D000F9D118467047002918BF0023F9E70000AE
:1090E000034611F8012B03F8012B002AF9D1704730
:1090F00010B50139034632B111F8014F03F8014BA5
:10910000013A002CF7D11A440021934200D110BD3E
:1091100003F8011BF9E700003566376661613866C0
:1091200033623463376531330000000012100000F1
:1091300012110000121300004D4435002D2D0A00BD
:109140002F6172647570696C6F742E6162696E0054
:109150002F6172647570696C6F742D7665726966C3
:10916000792E6162696E002F6172647570696C6F2F
:10917000742D666C6173682E6162696E002F617276
:10918000647570696C6F742D666C61736865642EAC
:109190006162696E00000000000000000000000035
:1091A000FD0E0008990F000849110008D10F0008B2
:1091B000910F00080000000000000000F90E0008F8
:1091C000A50F000881110008F50E0008010F000826
:1091D00053544D333248373F3F3F0053544D3332A1
:1091E000483733782F3732780053544D333248376D
:1091F00034332F3735332F373530000001105A0004
:109200000310590001205800032056002F000000D1
:109210005375636365737366756C6C79206D6F75D8
:109220006E746564205344436172642028736C6FCC
:1092300077646F776E3D2575290A0000EB769045BF
:1092400058464154202020004641543332202020EB
:10925000000000002A3A3C3E7C223F7F002B2C3B42
:109260003D5B5D00435545414141414345454549CD
:10927000494941414592924F4F4F5555594F554F8E
:109280009C4F9E9F41494F55A5A5A6A7A8A9AAAB4B
:10929000ACADAEAFB0B1B2B3B4414141B8B9BABBF5
:1092A000BCBDBEBFC0C1C2C3C4C54141C8C9CACB91
:1092B000CCCDCECFD1D145454549494949D9DADB55
:1092C000DCDD49DF4FE14F4F4F4FE6E8E85555559C
:1092D0005959EEEFF0F1F2F3F4F5F6F7F8F9FAFB7D
:1092E000FCFDFEFF01030507090E10121416181CE1
:1092F0001E00000061001A03E0001703F8000703D6
:10930000FF0001007801000130013201060139013E
:1093100010014A012E017901060180014D0043022E
:109320008101820182018401840186018701870114
:1093300089018A018B018B018D018E018F019001C2
:109340009101910193019401F60196019701980111
:1093500098013D029B019C019D0120029F01A001FB
:10936000A001A201A201A401A401A601A701A701D5
:10937000A901AA01AB01AC01AC01AE01AF01AF0183
:10938000B101B201B301B301B501B501B701B80133
:10939000B801BA01BB01BC01BC01BE01F701C001AB
:1093A000C101C201C301C401C501C401C701C80193
:1093B000C701CA01CB01CA01CD011001DD010100C5
:1093C0008E01DE011201F3010300F101F401F40149
:1093D000F8012801220212013A020900652C3B0221
:1093E0003B023D02662C3F0240024102410246021E
:1093F0000A015302400081018601550289018A0158
:1094000058028F015A0290015C025D025E025F0207
:1094100093016102620294016402650266026702BE
:10942000970196016A02622C6C026D026E029C0129
:10943000700271029D01730274029F01760277022D
:10944000780279027A027B027C02642C7E027F021F
:10945000A60181028202A901840285028602870296
:10946000AE014402B101B20145028D028E028F02AB
:1094700090029102B7017B030300FD03FE03FF038B
:10948000AC0304008603880389038A03B103110334
:10949000C2030200A303A303C4030803CC03030015
:1094A0008C038E038F03D8031801F2030A00F9031B
:1094B000F303F403F503F603F703F703F903FA03E1
:1094C000FA033004200350041007600422018A04C8
:1094D0003601C1040E01CF040100C004D0044401D0
:1094E00061052604000000007D1D0100632C001EA4
:1094F0009601A01E5A01001F0806101F0606201F15
:109500000806301F0806401F0606511F0700591F96
:10951000521F5B1F541F5D1F561F5F1F601F0806F1
:10952000701F0E00BA1FBB1FC81FC91FCA1FCB1F49
:10953000DA1FDB1FF81FF91FEA1FEB1FFA1FFB1FC3
:10954000801F0806901F0806A01F0806B01F040011
:10955000B81FB91FB21FBC1FCC1F0100C31FD01FF3
:109560000206E01F0206E51F0100EC1FF31F0100C9
:10957000FC1F4E21010032217021100284210100C4
:109580008321D0241A05302C2F04602C0201672C73
:109590000601752C0201802C6401002D260841FF74
:1095A0001A030000C700FC00E900E200E400E0004C
:1095B000E500E700EA00EB00E800EF00EE00EC0059
:1095C000C400C500C900E600C600F400F600F200C1
:1095D000FB00F900FF00D600DC00F800A300D80073
:1095E000D7009201E100ED00F300FA00F100D10094
:1095F000AA00BA00BF00AE00AC00BD00BC00A100D4
:10960000AB00BB0091259225932502252425C1009E
:10961000C200C000A9006325512557255D25A20081
:10962000A5001025142534252C251C2500253C25B6
:10963000E300C3005A255425692566256025502579
:109640006C25A400F000D000CA00CB00C800310196
:10965000CD00CE00CF0018250C2588258425A60036
:10966000CC008025D300DF00D400D200F500D50067
:10967000B500FE00DE00DA00DB00D900FD00DD00F1
:10968000AF00B400AD00B1001720BE00B600A700C7
:10969000F700B800B000A800B700B900B300B200EE
:1096A000A025A0001000024008000240000802406F
:1096B00000000B002800024008000240040802409D
:1096C00006010C0040000240080002400808024069
:1096D00010020D0058000240080002400C08024031
:1096E00016030E00700002400C00024010080240F9
:1096F00000040F00880002400C00024014080240E1
:1097000006051000A00002400C00024018080240AC
:1097100010061100B80002400C0002401C08024074
:1097200016072F00100402400804024020080240DF
:1097300000083800280402400804024024080240BF
:10974000060939004004024008040240280802408B
:10975000100A3A0058040240080402402C08024053
:10976000160B3B00700402400C040240300802401B
:10977000000C3C00880402400C0402403408024003
:10978000060D4400A00402400C04024038080240C8
:10979000100E4500B80402400C0402403C08024090
:1097A000160F4600010000000000000000960000B7
:1097B00000000000000000000000000000000000A9
:1097C00000000000000000006D6C0008716C0008D3
:1097D0004D570008855A0008E1560008095700084F
:1097E00031570008C956000800000000395B000826
:1097F000255B0008615B00084D5B0008595B0008B1
:10980000455B0008315B00081D5B00086D5B0008CC
:1098100000000000515C00083D5C0008795C000815
:10982000655C0008715C00085D5C0008495C00082C
:10983000355C0008855C00080000000001000000A5
:1098400000000000633000004498000800000000A1
:1098500000000000E0460020104900200000812A9E
:1098600000000000AAAAAAAA00000024FFFE00002F
:109870000000000000A00A0000010000000000003D
:10988000AAAAAAAA00000000FFFF00000000000032
:10989000000000001400AA5600000000AAAAAAAA0C
:1098A00014005554FFFF000000000000CCCC0C0059
:1098B00020681A0000000000AAAA8AAA1054150005
:1098C000FFFF0000000C70077700000040810201DC
:1098D00000100000AAAAAAAA00410100F7FF000098
:1098E0000000007007000000000000000000000001
:1098F000AAAAAAAA00000000FFFF000000000000C2
:10990000000000000000000000000000AAAAAAAAAF
:1099100000000000FFFF0000000000000000000049
:109920000000000000000000AAAAAAAA000000008F
:10993000FFFF000000000000000000000000000029
:1099400000000000AAAAAAAA00000000FFFF000071
:109950000000000000000000000000000000000007
:10996000AAAAAAAA00000000FFFF00000000000051
:10997000000000000000000000000000AAAAAAAA3F
:1099800000000000FFFF00000000000000000000D9
:109990004375626550696C6F7400437562654F7200
:1099A000616E67652B2D424C002553455249414C51
:1099B000250000000200000000000000715E0008A9
:1099C000E15E000840004000C0610020D06100203E
:1099D0000200000000000000030000000000000082
:1099E000295F00080000000010000000E061002076
:1099F0000000000001000000000000003C650020A5
:109A000001010200696D0008796C0008156D0008FD
:109A1000F96C0008430000001C9A0008090243008A
:109A2000020100C032090400000102020100052405
:109A3000001001052401000104240202052406008F
:109A400001070582030800FF09040100020A000063
:109A500000070501024000000705810240000000E8
:109A600012000000689A0008120110010200004074
:109A7000AE2D581000020102030100000403090486
:109A800025424F415244250046726565666C794116
:109A90006C746158003031323334353637383941DF
:109AA0004243444546000000000000200000020040
:109AB0000200000000000030000004000800000068
:109AC0000000002400000800040000000004000062
:109AD00000FC0000020000000000043000800000D4
:109AE0000800000000000038000001000100000034
:109AF0001F1C1F1E1F1E1F1F1E1F1E1F1F1D1F1E80
:109B00001F1E1F1F1E1F1E1F000000008560000873
:109B10003D630008E96300084000400074660020CF
:109B200074660020010000008466002080000000B0
:109B300040010000080000000001000000100000CB
:109B40000800000069646C65000000006D61696ECA
:109B5000002C0438040438080C10141C202425267A
:109B60000000000000006404010004000000000088
:109B7000000C001028303400F068FF7F0100000066
:109B8000270400000000000000001E00000000008C
:109B9000FF00000018490020203900208C390020E7
:109BA000F839002000000000D09100088304000074
:109BB000DB91000850040000E9910008010000005A
:109BC0000000000000960000000008009600000061
:109BD00000080000040000007C9A0008000000005B
:109BE0000000000000000000000000000000000075
:049BF0000000000071
:00000001FF
